/*
 Navicat Premium Dump SQL

 Source Server         : 192.168.244.128
 Source Server Type    : MySQL
 Source Server Version : 90700 (9.7.0)
 Source Host           : 192.168.244.128:3306
 Source Schema         : platform_db

 Target Server Type    : MySQL
 Target Server Version : 90700 (9.7.0)
 File Encoding         : 65001

 Date: 14/07/2026 23:50:01
*/

SET NAMES utf8mb4;
SET FOREIGN_KEY_CHECKS = 0;

-- ----------------------------
-- Table structure for sys_attachment
-- ----------------------------
DROP TABLE IF EXISTS `sys_attachment`;
CREATE TABLE `sys_attachment`  (
  `id` bigint NOT NULL AUTO_INCREMENT COMMENT '附件ID',
  `config_id` bigint NOT NULL COMMENT '存储配置ID（关联 sys_storage_config.id，永远指向一条真实配置）',
  `file_name` varchar(255) CHARACTER SET utf8mb4 COLLATE utf8mb4_general_ci NOT NULL DEFAULT '' COMMENT '原始文件名',
  `file_key` varchar(500) CHARACTER SET utf8mb4 COLLATE utf8mb4_general_ci NOT NULL DEFAULT '' COMMENT '存储键/相对路径（本地=日期目录+UUID；对象存储=object key）',
  `file_ext` varchar(20) CHARACTER SET utf8mb4 COLLATE utf8mb4_general_ci NOT NULL DEFAULT '' COMMENT '扩展名（不含点）',
  `content_type` varchar(100) CHARACTER SET utf8mb4 COLLATE utf8mb4_general_ci NOT NULL DEFAULT '' COMMENT 'MIME类型',
  `file_size` bigint NOT NULL DEFAULT 0 COMMENT '文件大小（字节）',
  `biz_type` tinyint NOT NULL DEFAULT 0 COMMENT '附件业务类型（1头像 2文章图片 3文档附件 4导入模板 5其他，对应 AttachmentBizTypeEnum）',
  `biz_id` bigint NOT NULL DEFAULT 0 COMMENT '业务ID（关联具体业务记录，如用户ID）',
  `remark` varchar(255) CHARACTER SET utf8mb4 COLLATE utf8mb4_general_ci NOT NULL DEFAULT '' COMMENT '备注',
  `is_delete` tinyint NOT NULL DEFAULT 0 COMMENT '逻辑删除（0未删除 1已删除）',
  `create_by` bigint NOT NULL DEFAULT 0 COMMENT '创建人（0=系统）',
  `create_time` datetime NOT NULL DEFAULT CURRENT_TIMESTAMP COMMENT '创建时间',
  `update_by` bigint NOT NULL DEFAULT 0 COMMENT '更新人（0=系统）',
  `update_time` datetime NOT NULL DEFAULT CURRENT_TIMESTAMP ON UPDATE CURRENT_TIMESTAMP COMMENT '更新时间',
  PRIMARY KEY (`id`) USING BTREE,
  INDEX `idx_config_id`(`config_id` ASC) USING BTREE,
  INDEX `idx_biz`(`biz_type` ASC, `biz_id` ASC) USING BTREE,
  INDEX `idx_create_time`(`create_time` ASC) USING BTREE
) ENGINE = InnoDB CHARACTER SET = utf8mb4 COLLATE = utf8mb4_general_ci COMMENT = '附件表' ROW_FORMAT = Dynamic;

-- ----------------------------
-- Records of sys_attachment
-- ----------------------------

-- ----------------------------
-- Table structure for sys_config
-- ----------------------------
DROP TABLE IF EXISTS `sys_config`;
CREATE TABLE `sys_config`  (
  `id` bigint NOT NULL AUTO_INCREMENT,
  `config_name` varchar(64) CHARACTER SET utf8mb4 COLLATE utf8mb4_0900_ai_ci NOT NULL COMMENT '参数名称（如：主框架页-默认皮肤样式名称）',
  `config_key` varchar(128) CHARACTER SET utf8mb4 COLLATE utf8mb4_0900_ai_ci NOT NULL COMMENT '参数键名（如：sys.index.skinName）',
  `config_value` varchar(255) CHARACTER SET utf8mb4 COLLATE utf8mb4_0900_ai_ci NOT NULL DEFAULT '' COMMENT '参数键值（如：skin-blue）',
  `config_type` tinyint NOT NULL DEFAULT 1 COMMENT '系统内置（1是 0否，内置参数不可删除）',
  `remark` varchar(255) CHARACTER SET utf8mb4 COLLATE utf8mb4_0900_ai_ci NULL DEFAULT NULL COMMENT '备注',
  `is_delete` tinyint NOT NULL DEFAULT 0 COMMENT '逻辑删除（0未删除 1已删除）',
  `create_by` bigint NOT NULL DEFAULT 0 COMMENT '创建人（0=系统操作）',
  `create_time` datetime NULL DEFAULT CURRENT_TIMESTAMP COMMENT '创建时间',
  `update_by` bigint NOT NULL DEFAULT 0 COMMENT '更新人（0=系统操作）',
  `update_time` datetime NULL DEFAULT CURRENT_TIMESTAMP ON UPDATE CURRENT_TIMESTAMP COMMENT '更新时间',
  PRIMARY KEY (`id`) USING BTREE,
  UNIQUE INDEX `uk_config_key`(`config_key` ASC) USING BTREE
) ENGINE = InnoDB AUTO_INCREMENT = 8 CHARACTER SET = utf8mb4 COLLATE = utf8mb4_0900_ai_ci COMMENT = '系统配置表' ROW_FORMAT = Dynamic;

-- ----------------------------
-- Records of sys_config
-- ----------------------------
INSERT INTO `sys_config` VALUES (1, '主框架页-默认皮肤样式名称', 'sys.index.skinName', 'skin-blue', 1, '蓝色 skin-blue、绿色 skin-green、紫色 skin-purple、红色 skin-red、黄色 skin-yellow', 0, 0, '2026-07-08 16:24:50', 0, '2026-07-08 16:24:50');
INSERT INTO `sys_config` VALUES (2, '用户管理-账号初始密码', 'sys.user.initPassword', 'Abcd1234!', 1, '初始化用户密码', 0, 0, '2026-07-08 16:24:50', 0, '2026-07-10 18:51:39');
INSERT INTO `sys_config` VALUES (3, '主框架页-侧边栏主题', 'sys.index.sideTheme', 'theme-dark', 1, '深色主题 theme-dark、浅色主题 theme-light', 0, 0, '2026-07-08 16:24:50', 0, '2026-07-08 16:24:50');
INSERT INTO `sys_config` VALUES (4, '是否开启验证码登录', 'sys.account.captchaEnabled', 'true', 1, '是否开启验证码功能', 0, 0, '2026-07-08 16:24:50', 0, '2026-07-13 00:46:28');
INSERT INTO `sys_config` VALUES (5, '账号自助-是否开启注册', 'sys.account.registerUser', 'false', 1, '是否开启自助注册功能', 0, 0, '2026-07-08 16:24:50', 0, '2026-07-08 16:24:50');
INSERT INTO `sys_config` VALUES (6, '用户登录-黑名单列表', 'sys.login.blackIPList', '', 1, '设置登录IP黑名单限制', 0, 0, '2026-07-08 16:24:50', 0, '2026-07-08 16:24:50');
INSERT INTO `sys_config` VALUES (7, '万能验证码', 'sys.bypass.captcha', 'YXLB', 1, '万能验证码', 0, 0, '2026-07-11 17:10:46', 0, '2026-07-13 00:46:35');

-- ----------------------------
-- Table structure for sys_dept
-- ----------------------------
DROP TABLE IF EXISTS `sys_dept`;
CREATE TABLE `sys_dept`  (
  `id` bigint NOT NULL AUTO_INCREMENT,
  `parent_id` bigint NOT NULL DEFAULT 0 COMMENT '父部门ID（0=顶级）',
  `dept_name` varchar(64) CHARACTER SET utf8mb4 COLLATE utf8mb4_0900_ai_ci NOT NULL COMMENT '部门名称',
  `leader` varchar(64) CHARACTER SET utf8mb4 COLLATE utf8mb4_0900_ai_ci NULL DEFAULT NULL COMMENT '负责人',
  `phone` varchar(20) CHARACTER SET utf8mb4 COLLATE utf8mb4_0900_ai_ci NULL DEFAULT NULL COMMENT '联系电话',
  `email` varchar(128) CHARACTER SET utf8mb4 COLLATE utf8mb4_0900_ai_ci NULL DEFAULT NULL COMMENT '邮箱',
  `display_order` int NOT NULL DEFAULT 0 COMMENT '排序（升序）',
  `status` tinyint NOT NULL DEFAULT 1 COMMENT '状态（1正常 0禁用）',
  `remark` varchar(255) CHARACTER SET utf8mb4 COLLATE utf8mb4_0900_ai_ci NULL DEFAULT NULL COMMENT '备注',
  `is_delete` tinyint NOT NULL DEFAULT 0 COMMENT '逻辑删除（0未删除 1已删除）',
  `create_by` bigint NOT NULL DEFAULT 0 COMMENT '创建人（0=系统操作）',
  `create_time` datetime NULL DEFAULT CURRENT_TIMESTAMP COMMENT '创建时间',
  `update_by` bigint NOT NULL DEFAULT 0 COMMENT '更新人（0=系统操作）',
  `update_time` datetime NULL DEFAULT CURRENT_TIMESTAMP ON UPDATE CURRENT_TIMESTAMP COMMENT '更新时间',
  PRIMARY KEY (`id`) USING BTREE,
  INDEX `idx_parent_id`(`parent_id` ASC) USING BTREE
) ENGINE = InnoDB AUTO_INCREMENT = 5 CHARACTER SET = utf8mb4 COLLATE = utf8mb4_0900_ai_ci COMMENT = '部门表' ROW_FORMAT = Dynamic;

-- ----------------------------
-- Records of sys_dept
-- ----------------------------
INSERT INTO `sys_dept` VALUES (1, 0, '总公司', '管理员', '13800000000', 'admin@platform.com', 1, 1, '顶级组织节点', 0, 0, '2026-07-06 02:29:07', 0, '2026-07-12 12:20:05');
INSERT INTO `sys_dept` VALUES (2, 1, '技术研发部', '张三', '13800000002', 'dev@platform.com', 1, 1, '负责产品研发', 0, 0, '2026-07-06 02:29:07', 0, '2026-07-13 11:29:33');
INSERT INTO `sys_dept` VALUES (3, 1, '产品设计部', '李四', '13800000003', 'product@platform.com', 2, 1, '负责产品设计', 0, 0, '2026-07-06 02:29:07', 0, '2026-07-13 11:29:33');
INSERT INTO `sys_dept` VALUES (4, 1, '运营中心', '王五', '13800000004', 'ops@platform.com', 3, 0, '负责日常运营', 0, 0, '2026-07-06 02:29:07', 0, '2026-07-12 12:36:22');

-- ----------------------------
-- Table structure for sys_dict
-- ----------------------------
DROP TABLE IF EXISTS `sys_dict`;
CREATE TABLE `sys_dict`  (
  `id` bigint NOT NULL AUTO_INCREMENT,
  `dict_name` varchar(64) CHARACTER SET utf8mb4 COLLATE utf8mb4_0900_ai_ci NOT NULL COMMENT '字典名称（如：用户性别）',
  `dict_type` varchar(128) CHARACTER SET utf8mb4 COLLATE utf8mb4_0900_ai_ci NOT NULL COMMENT '字典类型（如：sys_user_gender）',
  `status` tinyint NOT NULL DEFAULT 1 COMMENT '状态（1正常 0禁用）',
  `remark` varchar(255) CHARACTER SET utf8mb4 COLLATE utf8mb4_0900_ai_ci NULL DEFAULT NULL COMMENT '备注',
  `is_delete` tinyint NOT NULL DEFAULT 0 COMMENT '逻辑删除（0未删除 1已删除）',
  `create_by` bigint NOT NULL DEFAULT 0 COMMENT '创建人（0=系统操作）',
  `create_time` datetime NULL DEFAULT CURRENT_TIMESTAMP COMMENT '创建时间',
  `update_by` bigint NOT NULL DEFAULT 0 COMMENT '更新人（0=系统操作）',
  `update_time` datetime NULL DEFAULT CURRENT_TIMESTAMP ON UPDATE CURRENT_TIMESTAMP COMMENT '更新时间',
  PRIMARY KEY (`id`) USING BTREE,
  UNIQUE INDEX `uk_dict_type`(`dict_type` ASC) USING BTREE
) ENGINE = InnoDB AUTO_INCREMENT = 7 CHARACTER SET = utf8mb4 COLLATE = utf8mb4_0900_ai_ci COMMENT = '字典类型表' ROW_FORMAT = Dynamic;

-- ----------------------------
-- Records of sys_dict
-- ----------------------------
INSERT INTO `sys_dict` VALUES (1, '用户性别', 'sys_user_gender', 1, '用户性别列表', 0, 0, '2026-07-08 16:42:23', 0, '2026-07-08 16:42:23');
INSERT INTO `sys_dict` VALUES (2, '状态开关', 'sys_normal_disable', 1, '通用状态（正常/禁用）', 0, 0, '2026-07-08 16:42:23', 0, '2026-07-08 16:42:23');
INSERT INTO `sys_dict` VALUES (3, '菜单类型', 'sys_menu_type', 1, '菜单类型（目录/菜单/按钮）', 0, 0, '2026-07-08 16:42:23', 0, '2026-07-08 16:42:23');
INSERT INTO `sys_dict` VALUES (4, '操作类型', 'sys_oper_type', 1, '操作日志业务类型', 0, 0, '2026-07-08 16:42:23', 0, '2026-07-08 16:42:23');
INSERT INTO `sys_dict` VALUES (5, '通知类型', 'sys_notice_type', 1, '通知公告类型', 0, 0, '2026-07-08 16:42:23', 0, '2026-07-08 16:42:23');
INSERT INTO `sys_dict` VALUES (6, '登录类型', 'sys_login_type', 1, '登录日志类型', 0, 0, '2026-07-08 16:42:23', 0, '2026-07-08 16:42:23');

-- ----------------------------
-- Table structure for sys_dict_item
-- ----------------------------
DROP TABLE IF EXISTS `sys_dict_item`;
CREATE TABLE `sys_dict_item`  (
  `id` bigint NOT NULL AUTO_INCREMENT,
  `dict_id` bigint NOT NULL COMMENT '字典类型ID（关联 sys_dict.id）',
  `dict_type` varchar(128) CHARACTER SET utf8mb4 COLLATE utf8mb4_0900_ai_ci NOT NULL COMMENT '字典类型（冗余，避免联查）',
  `dict_label` varchar(128) CHARACTER SET utf8mb4 COLLATE utf8mb4_0900_ai_ci NOT NULL COMMENT '字典标签（如：男）',
  `dict_value` varchar(128) CHARACTER SET utf8mb4 COLLATE utf8mb4_0900_ai_ci NOT NULL COMMENT '字典键值（如：1）',
  `css_class` varchar(128) CHARACTER SET utf8mb4 COLLATE utf8mb4_0900_ai_ci NULL DEFAULT NULL COMMENT '样式属性（如：danger/primary，前端标签颜色）',
  `display_order` int NOT NULL DEFAULT 0 COMMENT '排序（升序）',
  `status` tinyint NOT NULL DEFAULT 1 COMMENT '状态（1正常 0禁用）',
  `remark` varchar(255) CHARACTER SET utf8mb4 COLLATE utf8mb4_0900_ai_ci NULL DEFAULT NULL COMMENT '备注',
  `is_delete` tinyint NOT NULL DEFAULT 0 COMMENT '逻辑删除（0未删除 1已删除）',
  `create_by` bigint NOT NULL DEFAULT 0 COMMENT '创建人（0=系统操作）',
  `create_time` datetime NULL DEFAULT CURRENT_TIMESTAMP COMMENT '创建时间',
  `update_by` bigint NOT NULL DEFAULT 0 COMMENT '更新人（0=系统操作）',
  `update_time` datetime NULL DEFAULT CURRENT_TIMESTAMP ON UPDATE CURRENT_TIMESTAMP COMMENT '更新时间',
  PRIMARY KEY (`id`) USING BTREE,
  INDEX `idx_dict_id`(`dict_id` ASC) USING BTREE,
  INDEX `idx_dict_type`(`dict_type` ASC) USING BTREE
) ENGINE = InnoDB AUTO_INCREMENT = 20 CHARACTER SET = utf8mb4 COLLATE = utf8mb4_0900_ai_ci COMMENT = '字典项表' ROW_FORMAT = Dynamic;

-- ----------------------------
-- Records of sys_dict_item
-- ----------------------------
INSERT INTO `sys_dict_item` VALUES (1, 1, 'sys_user_gender', '未知', '0', 'info', 1, 1, '', 0, 0, '2026-07-08 16:42:23', 0, '2026-07-08 16:42:23');
INSERT INTO `sys_dict_item` VALUES (2, 1, 'sys_user_gender', '男', '1', 'primary', 2, 1, '', 0, 0, '2026-07-08 16:42:23', 0, '2026-07-08 16:42:23');
INSERT INTO `sys_dict_item` VALUES (3, 1, 'sys_user_gender', '女', '2', 'danger', 3, 1, '', 0, 0, '2026-07-08 16:42:23', 0, '2026-07-08 16:42:23');
INSERT INTO `sys_dict_item` VALUES (4, 2, 'sys_normal_disable', '正常', '1', 'primary', 1, 1, '', 0, 0, '2026-07-08 16:42:23', 0, '2026-07-08 16:42:23');
INSERT INTO `sys_dict_item` VALUES (5, 2, 'sys_normal_disable', '禁用', '0', 'danger', 2, 1, '', 0, 0, '2026-07-08 16:42:23', 0, '2026-07-08 16:42:23');
INSERT INTO `sys_dict_item` VALUES (6, 3, 'sys_menu_type', '目录', '1', 'primary', 1, 1, '', 0, 0, '2026-07-08 16:42:23', 0, '2026-07-08 16:42:23');
INSERT INTO `sys_dict_item` VALUES (7, 3, 'sys_menu_type', '菜单', '2', 'success', 2, 1, '', 0, 0, '2026-07-08 16:42:23', 0, '2026-07-08 16:42:23');
INSERT INTO `sys_dict_item` VALUES (8, 3, 'sys_menu_type', '按钮', '3', 'warning', 3, 1, '', 0, 0, '2026-07-08 16:42:23', 0, '2026-07-08 16:42:23');
INSERT INTO `sys_dict_item` VALUES (9, 4, 'sys_oper_type', '新增', '1', 'primary', 1, 1, '', 0, 0, '2026-07-08 16:42:23', 0, '2026-07-08 16:42:23');
INSERT INTO `sys_dict_item` VALUES (10, 4, 'sys_oper_type', '修改', '2', 'warning', 2, 1, '', 0, 0, '2026-07-08 16:42:23', 0, '2026-07-08 16:42:23');
INSERT INTO `sys_dict_item` VALUES (11, 4, 'sys_oper_type', '删除', '3', 'danger', 3, 1, '', 0, 0, '2026-07-08 16:42:23', 0, '2026-07-08 16:42:23');
INSERT INTO `sys_dict_item` VALUES (12, 4, 'sys_oper_type', '导出', '4', 'info', 4, 1, '', 0, 0, '2026-07-08 16:42:23', 0, '2026-07-08 16:42:23');
INSERT INTO `sys_dict_item` VALUES (13, 4, 'sys_oper_type', '导入', '5', 'info', 5, 1, '', 0, 0, '2026-07-08 16:42:23', 0, '2026-07-08 16:42:23');
INSERT INTO `sys_dict_item` VALUES (14, 4, 'sys_oper_type', '其他', '6', 'info', 6, 1, '', 0, 0, '2026-07-08 16:42:23', 0, '2026-07-08 16:42:23');
INSERT INTO `sys_dict_item` VALUES (15, 5, 'sys_notice_type', '通知', '1', 'primary', 1, 1, '', 0, 0, '2026-07-08 16:42:23', 0, '2026-07-08 16:42:23');
INSERT INTO `sys_dict_item` VALUES (16, 5, 'sys_notice_type', '公告', '2', 'success', 2, 1, '', 0, 0, '2026-07-08 16:42:23', 0, '2026-07-08 16:42:23');
INSERT INTO `sys_dict_item` VALUES (17, 6, 'sys_login_type', '登录', '1', 'success', 1, 1, '1', 0, 0, '2026-07-08 16:42:23', 0, '2026-07-13 07:26:44');
INSERT INTO `sys_dict_item` VALUES (18, 6, 'sys_login_type', '登出', '2', 'warning', 2, 1, '', 0, 0, '2026-07-08 16:42:23', 0, '2026-07-08 16:42:23');
INSERT INTO `sys_dict_item` VALUES (19, 6, 'sys_login_type', '踢下线', '3', 'danger', 3, 1, '', 0, 0, '2026-07-08 16:42:23', 0, '2026-07-08 16:42:23');

-- ----------------------------
-- Table structure for sys_job
-- ----------------------------
DROP TABLE IF EXISTS `sys_job`;
CREATE TABLE `sys_job`  (
  `id` bigint NOT NULL AUTO_INCREMENT COMMENT '任务ID',
  `job_name` varchar(64) CHARACTER SET utf8mb4 COLLATE utf8mb4_0900_ai_ci NOT NULL COMMENT '任务名称',
  `job_group` varchar(64) CHARACTER SET utf8mb4 COLLATE utf8mb4_0900_ai_ci NOT NULL DEFAULT 'DEFAULT' COMMENT '任务组名',
  `invoke_target` varchar(255) CHARACTER SET utf8mb4 COLLATE utf8mb4_0900_ai_ci NOT NULL COMMENT '调用目标字符串（如：ryTask.ryParams(\'ry\')）',
  `cron_expression` varchar(128) CHARACTER SET utf8mb4 COLLATE utf8mb4_0900_ai_ci NOT NULL COMMENT 'cron执行表达式（如：0/10 * * * * ?）',
  `misfire_policy` tinyint NOT NULL DEFAULT 0 COMMENT '错失触发策略(0不补跑,1补跑)',
  `concurrent` tinyint NOT NULL DEFAULT 1 COMMENT '是否并发执行（1允许 0禁止）',
  `status` tinyint NOT NULL DEFAULT 1 COMMENT '状态（1正常 0暂停）',
  `remark` varchar(255) CHARACTER SET utf8mb4 COLLATE utf8mb4_0900_ai_ci NULL DEFAULT NULL COMMENT '备注',
  `is_delete` tinyint NOT NULL DEFAULT 0 COMMENT '逻辑删除（0未删除 1已删除）',
  `create_by` bigint NOT NULL DEFAULT 0 COMMENT '创建人（0=系统操作）',
  `create_time` datetime NULL DEFAULT CURRENT_TIMESTAMP COMMENT '创建时间',
  `update_by` bigint NOT NULL DEFAULT 0 COMMENT '更新人（0=系统操作）',
  `update_time` datetime NULL DEFAULT CURRENT_TIMESTAMP ON UPDATE CURRENT_TIMESTAMP COMMENT '更新时间',
  PRIMARY KEY (`id`) USING BTREE,
  INDEX `idx_job_group`(`job_group` ASC) USING BTREE,
  INDEX `idx_status`(`status` ASC) USING BTREE
) ENGINE = InnoDB AUTO_INCREMENT = 6 CHARACTER SET = utf8mb4 COLLATE = utf8mb4_0900_ai_ci COMMENT = '定时任务表' ROW_FORMAT = Dynamic;

-- ----------------------------
-- Records of sys_job
-- ----------------------------
INSERT INTO `sys_job` VALUES (1, '系统默认（无参）', 'DEFAULT', 'ryTask.ryNoParams()', '0/10 * * * * ?', 0, 1, 0, '每10秒执行一次（无参示例）', 0, 0, '2026-07-13 13:05:19', 1, '2026-07-13 15:31:10');
INSERT INTO `sys_job` VALUES (2, '系统默认（有参）', 'DEFAULT', 'ryTask.ryParams(\'ry\')', '0/20 * * * * ?', 0, 1, 0, '每20秒执行一次（有参示例）', 0, 0, '2026-07-13 13:05:19', 0, '2026-07-13 15:30:11');
INSERT INTO `sys_job` VALUES (3, '每日数据清理', 'SYSTEM', 'ryTask.cleanData()', '0 0 3 * * ?', 0, 0, 0, '每天凌晨3点执行数据清理', 0, 0, '2026-07-13 13:05:19', 1, '2026-07-13 15:30:10');
INSERT INTO `sys_job` VALUES (4, '并发测试-允许', 'TEST', 'ryTask.longTask()', '0/2 * * * * ?', 0, 1, 0, '每2秒触发执行5秒，允许并发（预期多实例重叠）', 0, 0, '2026-07-13 15:35:23', 1, '2026-07-13 15:36:29');
INSERT INTO `sys_job` VALUES (5, '并发测试-禁止', 'TEST', 'ryTask.longTask()', '0/2 * * * * ?', 0, 0, 0, '每2秒触发执行5秒，禁止并发（预期串行跳过），测时启用', 0, 0, '2026-07-13 15:35:23', 1, '2026-07-13 15:37:23');

-- ----------------------------
-- Table structure for sys_job_log
-- ----------------------------
DROP TABLE IF EXISTS `sys_job_log`;
CREATE TABLE `sys_job_log`  (
  `id` bigint NOT NULL AUTO_INCREMENT COMMENT '日志ID',
  `job_id` bigint NOT NULL COMMENT '任务ID（关联 sys_job.id）',
  `job_name` varchar(64) CHARACTER SET utf8mb4 COLLATE utf8mb4_0900_ai_ci NOT NULL COMMENT '任务名称',
  `job_group` varchar(64) CHARACTER SET utf8mb4 COLLATE utf8mb4_0900_ai_ci NOT NULL COMMENT '任务组名',
  `invoke_target` varchar(255) CHARACTER SET utf8mb4 COLLATE utf8mb4_0900_ai_ci NOT NULL COMMENT '调用目标字符串',
  `job_message` varchar(500) CHARACTER SET utf8mb4 COLLATE utf8mb4_0900_ai_ci NULL DEFAULT NULL COMMENT '日志信息',
  `status` tinyint NOT NULL DEFAULT 1 COMMENT '执行状态（1成功 0失败）',
  `error_msg` text CHARACTER SET utf8mb4 COLLATE utf8mb4_0900_ai_ci NULL COMMENT '错误信息（执行失败时记录）',
  `cost_time` bigint NOT NULL DEFAULT 0 COMMENT '耗时（毫秒）',
  `create_time` datetime NULL DEFAULT CURRENT_TIMESTAMP COMMENT '执行时间',
  PRIMARY KEY (`id`) USING BTREE,
  INDEX `idx_job_id`(`job_id` ASC) USING BTREE,
  INDEX `idx_job_name`(`job_name` ASC) USING BTREE,
  INDEX `idx_create_time`(`create_time` ASC) USING BTREE
) ENGINE = InnoDB AUTO_INCREMENT = 52 CHARACTER SET = utf8mb4 COLLATE = utf8mb4_0900_ai_ci COMMENT = '定时任务日志表' ROW_FORMAT = Dynamic;

-- ----------------------------
-- Records of sys_job_log
-- ----------------------------
INSERT INTO `sys_job_log` VALUES (1, 1, '系统默认（无参）', 'DEFAULT', 'ryTask.ryNoParams', '执行成功', 1, NULL, 15, '2026-07-01 10:00:00');
INSERT INTO `sys_job_log` VALUES (2, 1, '系统默认（无参）', 'DEFAULT', 'ryTask.ryNoParams', '执行成功', 1, NULL, 12, '2026-07-01 10:00:10');
INSERT INTO `sys_job_log` VALUES (3, 3, '每日数据清理', 'SYSTEM', 'ryTask.cleanData', '执行失败', 0, '调用目标方法格式错误：ryTask.cleanData', 1, '2026-07-13 15:26:56');
INSERT INTO `sys_job_log` VALUES (4, 3, '每日数据清理', 'SYSTEM', 'com.platform.admin.job.RyTask.cleanData', '执行失败', 0, '调用目标方法格式错误：com.platform.admin.job.RyTask.cleanData', 0, '2026-07-13 15:27:41');
INSERT INTO `sys_job_log` VALUES (5, 2, '系统默认（有参）', 'DEFAULT', 'ryTask.ryParams(\'ry\')', '执行成功', 1, NULL, 0, '2026-07-13 15:28:24');
INSERT INTO `sys_job_log` VALUES (6, 2, '系统默认（有参）', 'DEFAULT', 'ryTask.ryParams(\'ry\')', '执行成功', 1, NULL, 0, '2026-07-13 15:28:39');
INSERT INTO `sys_job_log` VALUES (7, 2, '系统默认（有参）', 'DEFAULT', 'ryTask.ryParams(\'ry\')', '执行成功', 1, NULL, 0, '2026-07-13 15:28:59');
INSERT INTO `sys_job_log` VALUES (8, 3, '每日数据清理', 'SYSTEM', 'ryTask.cleanData', '执行失败', 0, '调用目标方法格式错误：ryTask.cleanData', 0, '2026-07-13 15:29:03');
INSERT INTO `sys_job_log` VALUES (9, 3, '每日数据清理', 'SYSTEM', 'ryTask.cleanData', '执行失败', 0, '调用目标方法格式错误：ryTask.cleanData', 0, '2026-07-13 15:29:10');
INSERT INTO `sys_job_log` VALUES (10, 2, '系统默认（有参）', 'DEFAULT', 'ryTask.ryParams(\'ry\')', '执行成功', 1, NULL, 0, '2026-07-13 15:29:19');
INSERT INTO `sys_job_log` VALUES (11, 1, '系统默认（无参）', 'DEFAULT', 'ryTask.ryNoParams', '执行失败', 0, '调用目标方法格式错误：ryTask.ryNoParams', 0, '2026-07-13 15:29:36');
INSERT INTO `sys_job_log` VALUES (12, 2, '系统默认（有参）', 'DEFAULT', 'ryTask.ryParams(\'ry\')', '执行成功', 1, NULL, 0, '2026-07-13 15:29:39');
INSERT INTO `sys_job_log` VALUES (13, 1, '系统默认（无参）', 'DEFAULT', 'ryTask.ryNoParams', '执行失败', 0, '调用目标方法格式错误：ryTask.ryNoParams', 0, '2026-07-13 15:29:39');
INSERT INTO `sys_job_log` VALUES (14, 1, '系统默认（无参）', 'DEFAULT', 'ryTask.ryNoParams', '执行失败', 0, '调用目标方法格式错误：ryTask.ryNoParams', 0, '2026-07-13 15:29:49');
INSERT INTO `sys_job_log` VALUES (15, 3, '每日数据清理', 'SYSTEM', 'ryTask.cleanData()', '执行成功', 1, NULL, 0, '2026-07-13 15:29:54');
INSERT INTO `sys_job_log` VALUES (16, 2, '系统默认（有参）', 'DEFAULT', 'ryTask.ryParams(\'ry\')', '执行成功', 1, NULL, 0, '2026-07-13 15:29:59');
INSERT INTO `sys_job_log` VALUES (17, 1, '系统默认（无参）', 'DEFAULT', 'ryTask.ryNoParams', '执行失败', 0, '调用目标方法格式错误：ryTask.ryNoParams', 0, '2026-07-13 15:29:59');
INSERT INTO `sys_job_log` VALUES (18, 1, '系统默认（无参）', 'DEFAULT', 'ryTask.ryNoParams()', '执行成功', 1, NULL, 0, '2026-07-13 15:30:09');
INSERT INTO `sys_job_log` VALUES (19, 1, '系统默认（无参）', 'DEFAULT', 'ryTask.ryNoParams()', '执行成功', 1, NULL, 1, '2026-07-13 15:30:19');
INSERT INTO `sys_job_log` VALUES (20, 1, '系统默认（无参）', 'DEFAULT', 'ryTask.ryNoParams()', '执行成功', 1, NULL, 0, '2026-07-13 15:30:29');
INSERT INTO `sys_job_log` VALUES (21, 1, '系统默认（无参）', 'DEFAULT', 'ryTask.ryNoParams()', '执行成功', 1, NULL, 0, '2026-07-13 15:30:39');
INSERT INTO `sys_job_log` VALUES (22, 1, '系统默认（无参）', 'DEFAULT', 'ryTask.ryNoParams()', '执行成功', 1, NULL, 0, '2026-07-13 15:30:49');
INSERT INTO `sys_job_log` VALUES (23, 1, '系统默认（无参）', 'DEFAULT', 'ryTask.ryNoParams()', '执行成功', 1, NULL, 0, '2026-07-13 15:30:59');
INSERT INTO `sys_job_log` VALUES (24, 1, '系统默认（无参）', 'DEFAULT', 'ryTask.ryNoParams()', '执行成功', 1, NULL, 0, '2026-07-13 15:31:09');
INSERT INTO `sys_job_log` VALUES (25, 4, '并发测试-允许', 'TEST', 'ryTask.longTask', '执行失败', 0, '调用目标方法格式错误：ryTask.longTask', 10, '2026-07-13 15:35:39');
INSERT INTO `sys_job_log` VALUES (26, 4, '并发测试-允许', 'TEST', 'ryTask.longTask', '执行失败', 0, '调用目标方法格式错误：ryTask.longTask', 0, '2026-07-13 15:35:41');
INSERT INTO `sys_job_log` VALUES (27, 4, '并发测试-允许', 'TEST', 'ryTask.longTask', '执行失败', 0, '调用目标方法格式错误：ryTask.longTask', 0, '2026-07-13 15:35:43');
INSERT INTO `sys_job_log` VALUES (28, 4, '并发测试-允许', 'TEST', 'ryTask.longTask', '执行失败', 0, '调用目标方法格式错误：ryTask.longTask', 0, '2026-07-13 15:35:45');
INSERT INTO `sys_job_log` VALUES (29, 4, '并发测试-允许', 'TEST', 'ryTask.longTask', '执行失败', 0, '调用目标方法格式错误：ryTask.longTask', 0, '2026-07-13 15:35:47');
INSERT INTO `sys_job_log` VALUES (30, 4, '并发测试-允许', 'TEST', 'ryTask.longTask', '执行失败', 0, '调用目标方法格式错误：ryTask.longTask', 0, '2026-07-13 15:35:49');
INSERT INTO `sys_job_log` VALUES (31, 4, '并发测试-允许', 'TEST', 'ryTask.longTask', '执行失败', 0, '调用目标方法格式错误：ryTask.longTask', 0, '2026-07-13 15:35:51');
INSERT INTO `sys_job_log` VALUES (32, 4, '并发测试-允许', 'TEST', 'ryTask.longTask', '执行失败', 0, '调用目标方法格式错误：ryTask.longTask', 0, '2026-07-13 15:35:53');
INSERT INTO `sys_job_log` VALUES (33, 4, '并发测试-允许', 'TEST', 'ryTask.longTask', '执行失败', 0, '调用目标方法格式错误：ryTask.longTask', 0, '2026-07-13 15:35:55');
INSERT INTO `sys_job_log` VALUES (34, 4, '并发测试-允许', 'TEST', 'ryTask.longTask', '执行失败', 0, '调用目标方法格式错误：ryTask.longTask', 0, '2026-07-13 15:35:57');
INSERT INTO `sys_job_log` VALUES (35, 4, '并发测试-允许', 'TEST', 'ryTask.longTask', '执行失败', 0, '调用目标方法格式错误：ryTask.longTask', 0, '2026-07-13 15:35:59');
INSERT INTO `sys_job_log` VALUES (36, 4, '并发测试-允许', 'TEST', 'ryTask.longTask', '执行失败', 0, '调用目标方法格式错误：ryTask.longTask', 0, '2026-07-13 15:36:01');
INSERT INTO `sys_job_log` VALUES (37, 4, '并发测试-允许', 'TEST', 'ryTask.longTask', '执行失败', 0, '调用目标方法格式错误：ryTask.longTask', 0, '2026-07-13 15:36:03');
INSERT INTO `sys_job_log` VALUES (38, 4, '并发测试-允许', 'TEST', 'ryTask.longTask', '执行失败', 0, '调用目标方法格式错误：ryTask.longTask', 1, '2026-07-13 15:36:05');
INSERT INTO `sys_job_log` VALUES (39, 4, '并发测试-允许', 'TEST', 'ryTask.longTask()', '执行成功', 1, NULL, 5003, '2026-07-13 15:36:20');
INSERT INTO `sys_job_log` VALUES (40, 4, '并发测试-允许', 'TEST', 'ryTask.longTask()', '执行成功', 1, NULL, 5003, '2026-07-13 15:36:22');
INSERT INTO `sys_job_log` VALUES (41, 4, '并发测试-允许', 'TEST', 'ryTask.longTask()', '执行成功', 1, NULL, 5004, '2026-07-13 15:36:24');
INSERT INTO `sys_job_log` VALUES (42, 4, '并发测试-允许', 'TEST', 'ryTask.longTask()', '执行成功', 1, NULL, 5003, '2026-07-13 15:36:26');
INSERT INTO `sys_job_log` VALUES (43, 4, '并发测试-允许', 'TEST', 'ryTask.longTask()', '执行成功', 1, NULL, 5001, '2026-07-13 15:36:28');
INSERT INTO `sys_job_log` VALUES (44, 4, '并发测试-允许', 'TEST', 'ryTask.longTask()', '执行成功', 1, NULL, 5002, '2026-07-13 15:36:30');
INSERT INTO `sys_job_log` VALUES (45, 4, '并发测试-允许', 'TEST', 'ryTask.longTask()', '执行成功', 1, NULL, 5012, '2026-07-13 15:36:32');
INSERT INTO `sys_job_log` VALUES (46, 5, '并发测试-禁止', 'TEST', 'ryTask.longTask()', '执行成功', 1, NULL, 5002, '2026-07-13 15:36:55');
INSERT INTO `sys_job_log` VALUES (47, 5, '并发测试-禁止', 'TEST', 'ryTask.longTask()', '执行成功', 1, NULL, 5001, '2026-07-13 15:37:00');
INSERT INTO `sys_job_log` VALUES (48, 5, '并发测试-禁止', 'TEST', 'ryTask.longTask()', '执行成功', 1, NULL, 5001, '2026-07-13 15:37:06');
INSERT INTO `sys_job_log` VALUES (49, 5, '并发测试-禁止', 'TEST', 'ryTask.longTask()', '执行成功', 1, NULL, 5001, '2026-07-13 15:37:11');
INSERT INTO `sys_job_log` VALUES (50, 5, '并发测试-禁止', 'TEST', 'ryTask.longTask()', '执行成功', 1, NULL, 5002, '2026-07-13 15:37:18');
INSERT INTO `sys_job_log` VALUES (51, 5, '并发测试-禁止', 'TEST', 'ryTask.longTask()', '执行成功', 1, NULL, 5004, '2026-07-13 15:37:23');

-- ----------------------------
-- Table structure for sys_log
-- ----------------------------
DROP TABLE IF EXISTS `sys_log`;
CREATE TABLE `sys_log`  (
  `id` bigint NOT NULL AUTO_INCREMENT,
  `title` varchar(64) CHARACTER SET utf8mb4 COLLATE utf8mb4_0900_ai_ci NOT NULL DEFAULT '' COMMENT '模块标题（如：用户管理）',
  `method` varchar(255) CHARACTER SET utf8mb4 COLLATE utf8mb4_0900_ai_ci NOT NULL DEFAULT '' COMMENT '方法名称（类名.方法名）',
  `request_url` varchar(255) CHARACTER SET utf8mb4 COLLATE utf8mb4_0900_ai_ci NOT NULL DEFAULT '' COMMENT '请求URL',
  `request_method` varchar(10) CHARACTER SET utf8mb4 COLLATE utf8mb4_0900_ai_ci NOT NULL DEFAULT '' COMMENT '请求方式（GET/POST）',
  `request_param` text CHARACTER SET utf8mb4 COLLATE utf8mb4_0900_ai_ci NULL COMMENT '请求参数（JSON）',
  `response_data` text CHARACTER SET utf8mb4 COLLATE utf8mb4_0900_ai_ci NULL COMMENT '返回结果（JSON）',
  `oper_id` bigint NOT NULL DEFAULT 0 COMMENT '操作人ID',
  `oper_name` varchar(64) CHARACTER SET utf8mb4 COLLATE utf8mb4_0900_ai_ci NOT NULL DEFAULT '' COMMENT '操作人名称',
  `oper_ip` varchar(128) CHARACTER SET utf8mb4 COLLATE utf8mb4_0900_ai_ci NOT NULL DEFAULT '' COMMENT '操作人IP',
  `oper_location` varchar(255) CHARACTER SET utf8mb4 COLLATE utf8mb4_0900_ai_ci NOT NULL DEFAULT '' COMMENT '操作地点（IP归属地）',
  `browser` varchar(64) CHARACTER SET utf8mb4 COLLATE utf8mb4_0900_ai_ci NOT NULL DEFAULT '' COMMENT '浏览器类型',
  `os` varchar(64) CHARACTER SET utf8mb4 COLLATE utf8mb4_0900_ai_ci NOT NULL DEFAULT '' COMMENT '操作系统',
  `status` tinyint NOT NULL DEFAULT 1 COMMENT '操作状态（1正常 0异常）',
  `error_msg` text CHARACTER SET utf8mb4 COLLATE utf8mb4_0900_ai_ci NULL COMMENT '错误消息（操作异常时记录）',
  `cost_time` bigint NOT NULL DEFAULT 0 COMMENT '耗时（毫秒）',
  `oper_time` datetime NULL DEFAULT CURRENT_TIMESTAMP COMMENT '操作时间',
  PRIMARY KEY (`id`) USING BTREE,
  INDEX `idx_oper_id`(`oper_id` ASC) USING BTREE,
  INDEX `idx_oper_time`(`oper_time` ASC) USING BTREE
) ENGINE = InnoDB AUTO_INCREMENT = 98 CHARACTER SET = utf8mb4 COLLATE = utf8mb4_0900_ai_ci COMMENT = '操作日志表' ROW_FORMAT = Dynamic;

-- ----------------------------
-- Records of sys_log
-- ----------------------------
INSERT INTO `sys_log` VALUES (1, '认证授权管理', 'com.platform.admin.controller.AuthController.logout', '/auth/logout', 'POST', '', '{\"code\":200,\"msg\":\"操作成功\",\"success\":true}', 1, '超级管理员', '0:0:0:0:0:0:0:1', '', 'Chrome', 'Windows', 1, NULL, 106, '2026-07-13 23:52:02');
INSERT INTO `sys_log` VALUES (2, '认证授权管理', 'com.platform.admin.controller.AuthController.login', '/auth/login', 'POST', '{\"username\":\"admin\",\"password\":\"admin123\",\"captcha_key\":\"95d4fda49b47464a91d0f7c6a0ba77a5\",\"captcha_code\":\"mgaq\"},', NULL, 0, '', '0:0:0:0:0:0:0:1', '', 'Chrome', 'Windows', 0, '密码错误', 104, '2026-07-13 23:52:08');
INSERT INTO `sys_log` VALUES (3, '认证授权管理', 'com.platform.admin.controller.AuthController.login', '/auth/login', 'POST', '{\"username\":\"admin\",\"password\":\"Yx20011102!\",\"captcha_key\":\"38dda0dcf12c4c4baca8007395b9776c\",\"captcha_code\":\"xcff\"},', '{\"code\":200,\"msg\":\"操作成功\",\"data\":\"ac6c60347e6f4f1c99ed844d67ee71d8\",\"success\":true}', 0, '', '0:0:0:0:0:0:0:1', '', 'Chrome', 'Windows', 1, NULL, 113, '2026-07-13 23:52:20');
INSERT INTO `sys_log` VALUES (4, '用户管理', 'com.platform.admin.controller.user.SysUserController.info', '/user/info', 'GET', '', '{\"code\":200,\"msg\":\"操作成功\",\"data\":{\"user\":{\"id\":1,\"username\":\"admin\",\"nickname\":\"超级管理员\",\"avatar\":\"/avatar/admin.png\",\"gender\":0,\"birthday\":\"2001-11-02\",\"email\":\"admin@platform.com\",\"phone\":\"13800000001\",\"dept_id\":2,\"dept_name\":\"技术研发部\",\"remark\":\"系统初始管理员\",\"status\":1,\"login_ip\":\"0:0:0:0:0:0:0:1\",\"login_date\":\"2026-07-13T23:52:20\",\"create_time\":\"2026-06-28T15:48:08\"},\"roles\":[{\"id\":1,\"role_name\":\"超级管理员\",\"role_code\":\"admin\",\"status\":1,\"remark\":\"拥有全部权限\"}],\"permissions\":[\"system:user:list\",\"system:user:add\",\"system:user:edit\",\"system:user:delete\",\"system:user:editStatus\",\"system:user:changePassword\",\"system:user:assignRoles\",\"system:role:list\",\"system:role:add\",\"system:role:edit\",\"system:role:delete\",\"system:role:editStatus\",\"system:role:sort\",\"system:role:assignMenus\",\"system:menu:list\",\"system:menu:add\",\"system:menu:edit\",\"system:menu:delete\",\"system:menu:editStatus\",\"system:dept:list\",\"system:dept:add\",\"system:dept:edit\",\"system:dept:delete\",\"system:dept:editStatus\",\"system:post:list\",\"system:post:add\",\"system:post:edit\",\"system:post:delete\",\"system:dict:list\",\"system:dict:add\",\"system:dict:edit\",\"system:dict:delete\",\"system:dict:item:list\",\"system:dict:item:add\",\"system:dict:item:edit\",\"system:dict:item:delete\",\"system:notice:list\",\"system:notice:add\",\"system:notice:edit\",\"system:notice:delete\",\"system:config:list\",\"system:config:add\",\"system:config:edit\",\"system:config:delete\",\"log:operlog:list\",\"log:operlog:delete\",\"log:operlog:clean\",\"log:loginlog:list\",\"log:loginlog:delete\",\"log:loginlog:clean\"],\"menus\":[{\"id\":1,\"parent_id\":0,\"menu_name\":\"系统管理\",\"menu_type\":1,\"path\":\"system\",\"component\":\"\",\"redirect\":\"user\",\"icon\":\"ep:tools\",\"perms\":\"\",\"display_order\":2,\"is_hidden\":0,\"is_cache\":0,\"is_external\":0,\"status\":1,\"children\":[{\"id\":3,\"parent_id\":1,\"menu_name\":\"用户管理\",\"menu_type\":2,\"path\":\"user\",\"component\":\"system/user/index\",\"icon\":\"ep:user\",\"perms\":\"system:user:list\",\"display_order\":1,\"is_hidden\":0,\"is_cache\":1,\"is_external\":0,\"status\":1,\"children\":[{\"id\":4,\"parent_id\":3,\"me', 1, '超级管理员', '0:0:0:0:0:0:0:1', '', 'Chrome', 'Windows', 1, NULL, 190, '2026-07-13 23:52:20');
INSERT INTO `sys_log` VALUES (5, '通知公告', 'com.platform.admin.controller.notice.SysNoticeController.page', '/notice/page', 'GET', '1,5,1,null,null,null,', '{\"code\":200,\"msg\":\"操作成功\",\"data\":{\"records\":[],\"total\":0,\"page\":1,\"page_size\":5},\"success\":true}', 1, '超级管理员', '0:0:0:0:0:0:0:1', '', 'Chrome', 'Windows', 1, NULL, 52, '2026-07-13 23:52:20');
INSERT INTO `sys_log` VALUES (6, '操作日志', 'com.platform.admin.controller.log.SysLogController.page', '/sysLog/page', 'GET', '1,10,null,null,', '{\"code\":200,\"msg\":\"操作成功\",\"data\":{\"records\":[{\"id\":3,\"title\":\"认证授权管理\",\"method\":\"com.platform.admin.controller.AuthController.login\",\"request_url\":\"/auth/login\",\"request_method\":\"POST\",\"request_param\":\"{\\\"username\\\":\\\"admin\\\",\\\"password\\\":\\\"Yx20011102!\\\",\\\"captcha_key\\\":\\\"38dda0dcf12c4c4baca8007395b9776c\\\",\\\"captcha_code\\\":\\\"xcff\\\"},\",\"response_data\":\"{\\\"code\\\":200,\\\"msg\\\":\\\"操作成功\\\",\\\"data\\\":\\\"ac6c60347e6f4f1c99ed844d67ee71d8\\\",\\\"success\\\":true}\",\"oper_id\":0,\"oper_name\":\"\",\"oper_ip\":\"0:0:0:0:0:0:0:1\",\"oper_location\":\"\",\"browser\":\"Chrome\",\"os\":\"Windows\",\"status\":1,\"status_text\":\"正常\",\"cost_time\":113,\"oper_time\":\"2026-07-13T23:52:20\"},{\"id\":4,\"title\":\"用户管理\",\"method\":\"com.platform.admin.controller.user.SysUserController.info\",\"request_url\":\"/user/info\",\"request_method\":\"GET\",\"request_param\":\"\",\"response_data\":\"{\\\"code\\\":200,\\\"msg\\\":\\\"操作成功\\\",\\\"data\\\":{\\\"user\\\":{\\\"id\\\":1,\\\"username\\\":\\\"admin\\\",\\\"nickname\\\":\\\"超级管理员\\\",\\\"avatar\\\":\\\"/avatar/admin.png\\\",\\\"gender\\\":0,\\\"birthday\\\":\\\"2001-11-02\\\",\\\"email\\\":\\\"admin@platform.com\\\",\\\"phone\\\":\\\"13800000001\\\",\\\"dept_id\\\":2,\\\"dept_name\\\":\\\"技术研发部\\\",\\\"remark\\\":\\\"系统初始管理员\\\",\\\"status\\\":1,\\\"login_ip\\\":\\\"0:0:0:0:0:0:0:1\\\",\\\"login_date\\\":\\\"2026-07-13T23:52:20\\\",\\\"create_time\\\":\\\"2026-06-28T15:48:08\\\"},\\\"roles\\\":[{\\\"id\\\":1,\\\"role_name\\\":\\\"超级管理员\\\",\\\"role_code\\\":\\\"admin\\\",\\\"status\\\":1,\\\"remark\\\":\\\"拥有全部权限\\\"}],\\\"permissions\\\":[\\\"system:user:list\\\",\\\"system:user:add\\\",\\\"system:user:edit\\\",\\\"system:user:delete\\\",\\\"system:user:editStatus\\\",\\\"system:user:changePassword\\\",\\\"system:user:assignRoles\\\",\\\"system:role:list\\\",\\\"system:role:add\\\",\\\"system:role:edit\\\",\\\"system:role:delete\\\",\\\"system:role:editStatus\\\",\\\"system:role:sort\\\",\\\"system:role:assignMenus\\\",\\\"system:menu:list\\\",\\\"system:menu:add\\\",\\\"system:menu:edit\\\",\\\"system:menu:delete\\\",\\\"system:menu:editStatus\\\",\\\"system:dept:list\\\",\\\"system:dept:add\\\",\\\"system:dept:edit\\\",\\\"system:dept:delete\\\",\\\"system:dept:editStatus\\\",\\\"system:post:list\\\",\\\"system:post:add\\\",\\\"system:post:edit\\\",\\\"system:post:dele', 1, '超级管理员', '0:0:0:0:0:0:0:1', '', 'Chrome', 'Windows', 1, NULL, 32, '2026-07-13 23:52:23');
INSERT INTO `sys_log` VALUES (7, '操作日志', 'com.platform.admin.controller.log.SysLogController.page', '/sysLog/page', 'GET', '1,10,null,null,', '{\"code\":200,\"msg\":\"操作成功\",\"data\":{\"records\":[{\"id\":6,\"title\":\"操作日志\",\"method\":\"com.platform.admin.controller.log.SysLogController.page\",\"request_url\":\"/sysLog/page\",\"request_method\":\"GET\",\"request_param\":\"1,10,null,null,\",\"response_data\":\"{\\\"code\\\":200,\\\"msg\\\":\\\"操作成功\\\",\\\"data\\\":{\\\"records\\\":[{\\\"id\\\":3,\\\"title\\\":\\\"认证授权管理\\\",\\\"method\\\":\\\"com.platform.admin.controller.AuthController.login\\\",\\\"request_url\\\":\\\"/auth/login\\\",\\\"request_method\\\":\\\"POST\\\",\\\"request_param\\\":\\\"{\\\\\\\"username\\\\\\\":\\\\\\\"admin\\\\\\\",\\\\\\\"password\\\\\\\":\\\\\\\"Yx20011102!\\\\\\\",\\\\\\\"captcha_key\\\\\\\":\\\\\\\"38dda0dcf12c4c4baca8007395b9776c\\\\\\\",\\\\\\\"captcha_code\\\\\\\":\\\\\\\"xcff\\\\\\\"},\\\",\\\"response_data\\\":\\\"{\\\\\\\"code\\\\\\\":200,\\\\\\\"msg\\\\\\\":\\\\\\\"操作成功\\\\\\\",\\\\\\\"data\\\\\\\":\\\\\\\"ac6c60347e6f4f1c99ed844d67ee71d8\\\\\\\",\\\\\\\"success\\\\\\\":true}\\\",\\\"oper_id\\\":0,\\\"oper_name\\\":\\\"\\\",\\\"oper_ip\\\":\\\"0:0:0:0:0:0:0:1\\\",\\\"oper_location\\\":\\\"\\\",\\\"browser\\\":\\\"Chrome\\\",\\\"os\\\":\\\"Windows\\\",\\\"status\\\":1,\\\"status_text\\\":\\\"正常\\\",\\\"cost_time\\\":113,\\\"oper_time\\\":\\\"2026-07-13T23:52:20\\\"},{\\\"id\\\":4,\\\"title\\\":\\\"用户管理\\\",\\\"method\\\":\\\"com.platform.admin.controller.user.SysUserController.info\\\",\\\"request_url\\\":\\\"/user/info\\\",\\\"request_method\\\":\\\"GET\\\",\\\"request_param\\\":\\\"\\\",\\\"response_data\\\":\\\"{\\\\\\\"code\\\\\\\":200,\\\\\\\"msg\\\\\\\":\\\\\\\"操作成功\\\\\\\",\\\\\\\"data\\\\\\\":{\\\\\\\"user\\\\\\\":{\\\\\\\"id\\\\\\\":1,\\\\\\\"username\\\\\\\":\\\\\\\"admin\\\\\\\",\\\\\\\"nickname\\\\\\\":\\\\\\\"超级管理员\\\\\\\",\\\\\\\"avatar\\\\\\\":\\\\\\\"/avatar/admin.png\\\\\\\",\\\\\\\"gender\\\\\\\":0,\\\\\\\"birthday\\\\\\\":\\\\\\\"2001-11-02\\\\\\\",\\\\\\\"email\\\\\\\":\\\\\\\"admin@platform.com\\\\\\\",\\\\\\\"phone\\\\\\\":\\\\\\\"13800000001\\\\\\\",\\\\\\\"dept_id\\\\\\\":2,\\\\\\\"dept_name\\\\\\\":\\\\\\\"技术研发部\\\\\\\",\\\\\\\"remark\\\\\\\":\\\\\\\"系统初始管理员\\\\\\\",\\\\\\\"status\\\\\\\":1,\\\\\\\"login_ip\\\\\\\":\\\\\\\"0:0:0:0:0:0:0:1\\\\\\\",\\\\\\\"login_date\\\\\\\":\\\\\\\"2026-07-13T23:52:20\\\\\\\",\\\\\\\"create_time\\\\\\\":\\\\\\\"2026-06-28T15:48:08\\\\\\\"},\\\\\\\"roles\\\\\\\":[{\\\\\\\"id\\\\\\\":1,\\\\\\\"role_name\\\\\\\":\\\\\\\"超级管理员\\\\\\\",\\\\\\\"role_code\\\\\\\":\\\\\\\"admin\\\\\\\",\\\\\\\"status\\\\\\\":1,\\\\\\\"remark\\\\\\\":\\\\\\\"拥有全部权限\\\\\\\"}],\\\\\\\"permissions\\\\\\\":[\\\\\\\"system:user:list\\\\\\\",\\\\\\\"system:user:add\\\\\\\",\\\\\\\"system:user:edit\\\\\\\",\\\\\\\"system', 1, '超级管理员', '0:0:0:0:0:0:0:1', '', 'Chrome', 'Windows', 1, NULL, 15, '2026-07-13 23:52:23');
INSERT INTO `sys_log` VALUES (8, '登录日志', 'com.platform.admin.controller.log.SysLoginLogController.page', '/sysLoginLog/page', 'GET', '1,10,null,null,null,', '{\"code\":200,\"msg\":\"操作成功\",\"data\":{\"records\":[{\"id\":2,\"user_id\":1,\"username\":\"admin\",\"login_type\":1,\"login_type_text\":\"登录\",\"login_ip\":\"0:0:0:0:0:0:0:1\",\"login_location\":\"\",\"browser\":\"Chrome\",\"os\":\"Windows\",\"status\":1,\"status_text\":\"成功\",\"login_time\":\"2026-07-13T23:52:20\"},{\"id\":1,\"user_id\":1,\"username\":\"admin\",\"login_type\":2,\"login_type_text\":\"登出\",\"login_ip\":\"0:0:0:0:0:0:0:1\",\"login_location\":\"\",\"browser\":\"Chrome\",\"os\":\"Windows\",\"status\":1,\"status_text\":\"成功\",\"login_time\":\"2026-07-13T23:52:02\"}],\"total\":2,\"page\":1,\"page_size\":10},\"success\":true}', 1, '超级管理员', '0:0:0:0:0:0:0:1', '', 'Chrome', 'Windows', 1, NULL, 21, '2026-07-13 23:52:25');
INSERT INTO `sys_log` VALUES (9, '登录日志', 'com.platform.admin.controller.log.SysLoginLogController.page', '/sysLoginLog/page', 'GET', '1,10,null,null,null,', '{\"code\":200,\"msg\":\"操作成功\",\"data\":{\"records\":[{\"id\":2,\"user_id\":1,\"username\":\"admin\",\"login_type\":1,\"login_type_text\":\"登录\",\"login_ip\":\"0:0:0:0:0:0:0:1\",\"login_location\":\"\",\"browser\":\"Chrome\",\"os\":\"Windows\",\"status\":1,\"status_text\":\"成功\",\"login_time\":\"2026-07-13T23:52:20\"},{\"id\":1,\"user_id\":1,\"username\":\"admin\",\"login_type\":2,\"login_type_text\":\"登出\",\"login_ip\":\"0:0:0:0:0:0:0:1\",\"login_location\":\"\",\"browser\":\"Chrome\",\"os\":\"Windows\",\"status\":1,\"status_text\":\"成功\",\"login_time\":\"2026-07-13T23:52:02\"}],\"total\":2,\"page\":1,\"page_size\":10},\"success\":true}', 1, '超级管理员', '0:0:0:0:0:0:0:1', '', 'Chrome', 'Windows', 1, NULL, 10, '2026-07-13 23:52:25');
INSERT INTO `sys_log` VALUES (10, '操作日志', 'com.platform.admin.controller.log.SysLogController.page', '/sysLog/page', 'GET', '1,10,null,null,', '{\"code\":200,\"msg\":\"操作成功\",\"data\":{\"records\":[{\"id\":8,\"title\":\"登录日志\",\"method\":\"com.platform.admin.controller.log.SysLoginLogController.page\",\"request_url\":\"/sysLoginLog/page\",\"request_method\":\"GET\",\"request_param\":\"1,10,null,null,null,\",\"response_data\":\"{\\\"code\\\":200,\\\"msg\\\":\\\"操作成功\\\",\\\"data\\\":{\\\"records\\\":[{\\\"id\\\":2,\\\"user_id\\\":1,\\\"username\\\":\\\"admin\\\",\\\"login_type\\\":1,\\\"login_type_text\\\":\\\"登录\\\",\\\"login_ip\\\":\\\"0:0:0:0:0:0:0:1\\\",\\\"login_location\\\":\\\"\\\",\\\"browser\\\":\\\"Chrome\\\",\\\"os\\\":\\\"Windows\\\",\\\"status\\\":1,\\\"status_text\\\":\\\"成功\\\",\\\"login_time\\\":\\\"2026-07-13T23:52:20\\\"},{\\\"id\\\":1,\\\"user_id\\\":1,\\\"username\\\":\\\"admin\\\",\\\"login_type\\\":2,\\\"login_type_text\\\":\\\"登出\\\",\\\"login_ip\\\":\\\"0:0:0:0:0:0:0:1\\\",\\\"login_location\\\":\\\"\\\",\\\"browser\\\":\\\"Chrome\\\",\\\"os\\\":\\\"Windows\\\",\\\"status\\\":1,\\\"status_text\\\":\\\"成功\\\",\\\"login_time\\\":\\\"2026-07-13T23:52:02\\\"}],\\\"total\\\":2,\\\"page\\\":1,\\\"page_size\\\":10},\\\"success\\\":true}\",\"oper_id\":1,\"oper_name\":\"超级管理员\",\"oper_ip\":\"0:0:0:0:0:0:0:1\",\"oper_location\":\"\",\"browser\":\"Chrome\",\"os\":\"Windows\",\"status\":1,\"status_text\":\"正常\",\"cost_time\":21,\"oper_time\":\"2026-07-13T23:52:25\"},{\"id\":9,\"title\":\"登录日志\",\"method\":\"com.platform.admin.controller.log.SysLoginLogController.page\",\"request_url\":\"/sysLoginLog/page\",\"request_method\":\"GET\",\"request_param\":\"1,10,null,null,null,\",\"response_data\":\"{\\\"code\\\":200,\\\"msg\\\":\\\"操作成功\\\",\\\"data\\\":{\\\"records\\\":[{\\\"id\\\":2,\\\"user_id\\\":1,\\\"username\\\":\\\"admin\\\",\\\"login_type\\\":1,\\\"login_type_text\\\":\\\"登录\\\",\\\"login_ip\\\":\\\"0:0:0:0:0:0:0:1\\\",\\\"login_location\\\":\\\"\\\",\\\"browser\\\":\\\"Chrome\\\",\\\"os\\\":\\\"Windows\\\",\\\"status\\\":1,\\\"status_text\\\":\\\"成功\\\",\\\"login_time\\\":\\\"2026-07-13T23:52:20\\\"},{\\\"id\\\":1,\\\"user_id\\\":1,\\\"username\\\":\\\"admin\\\",\\\"login_type\\\":2,\\\"login_type_text\\\":\\\"登出\\\",\\\"login_ip\\\":\\\"0:0:0:0:0:0:0:1\\\",\\\"login_location\\\":\\\"\\\",\\\"browser\\\":\\\"Chrome\\\",\\\"os\\\":\\\"Windows\\\",\\\"status\\\":1,\\\"status_text\\\":\\\"成功\\\",\\\"login_time\\\":\\\"2026-07-13T23:52:02\\\"}],\\\"total\\\":2,\\\"page\\\":1,\\\"page_size\\\":10},\\\"success\\\":true}\",\"oper_id\":1,\"oper_name\":\"超级管理员\",\"oper_ip\":\"0:0:0:0:0:', 1, '超级管理员', '0:0:0:0:0:0:0:1', '', 'Chrome', 'Windows', 1, NULL, 16, '2026-07-13 23:52:27');
INSERT INTO `sys_log` VALUES (11, '登录日志', 'com.platform.admin.controller.log.SysLoginLogController.page', '/sysLoginLog/page', 'GET', '1,10,null,null,null,', '{\"code\":200,\"msg\":\"操作成功\",\"data\":{\"records\":[{\"id\":2,\"user_id\":1,\"username\":\"admin\",\"login_type\":1,\"login_type_text\":\"登录\",\"login_ip\":\"0:0:0:0:0:0:0:1\",\"login_location\":\"\",\"browser\":\"Chrome\",\"os\":\"Windows\",\"status\":1,\"status_text\":\"成功\",\"login_time\":\"2026-07-13T23:52:20\"},{\"id\":1,\"user_id\":1,\"username\":\"admin\",\"login_type\":2,\"login_type_text\":\"登出\",\"login_ip\":\"0:0:0:0:0:0:0:1\",\"login_location\":\"\",\"browser\":\"Chrome\",\"os\":\"Windows\",\"status\":1,\"status_text\":\"成功\",\"login_time\":\"2026-07-13T23:52:02\"}],\"total\":2,\"page\":1,\"page_size\":10},\"success\":true}', 1, '超级管理员', '0:0:0:0:0:0:0:1', '', 'Chrome', 'Windows', 1, NULL, 9, '2026-07-13 23:52:33');
INSERT INTO `sys_log` VALUES (12, '用户管理', 'com.platform.admin.controller.user.SysUserController.info', '/user/info', 'GET', '', '{\"code\":200,\"msg\":\"操作成功\",\"data\":{\"user\":{\"id\":1,\"username\":\"admin\",\"nickname\":\"超级管理员\",\"avatar\":\"/avatar/admin.png\",\"gender\":0,\"birthday\":\"2001-11-02\",\"email\":\"admin@platform.com\",\"phone\":\"13800000001\",\"dept_id\":2,\"dept_name\":\"技术研发部\",\"remark\":\"系统初始管理员\",\"status\":1,\"login_ip\":\"0:0:0:0:0:0:0:1\",\"login_date\":\"2026-07-13T23:52:20\",\"create_time\":\"2026-06-28T15:48:08\"},\"roles\":[{\"id\":1,\"role_name\":\"超级管理员\",\"role_code\":\"admin\",\"status\":1,\"remark\":\"拥有全部权限\"}],\"permissions\":[\"system:user:list\",\"system:user:add\",\"system:user:edit\",\"system:user:delete\",\"system:user:editStatus\",\"system:user:changePassword\",\"system:user:assignRoles\",\"system:role:list\",\"system:role:add\",\"system:role:edit\",\"system:role:delete\",\"system:role:editStatus\",\"system:role:sort\",\"system:role:assignMenus\",\"system:menu:list\",\"system:menu:add\",\"system:menu:edit\",\"system:menu:delete\",\"system:menu:editStatus\",\"system:dept:list\",\"system:dept:add\",\"system:dept:edit\",\"system:dept:delete\",\"system:dept:editStatus\",\"system:post:list\",\"system:post:add\",\"system:post:edit\",\"system:post:delete\",\"system:dict:list\",\"system:dict:add\",\"system:dict:edit\",\"system:dict:delete\",\"system:dict:item:list\",\"system:dict:item:add\",\"system:dict:item:edit\",\"system:dict:item:delete\",\"system:notice:list\",\"system:notice:add\",\"system:notice:edit\",\"system:notice:delete\",\"system:config:list\",\"system:config:add\",\"system:config:edit\",\"system:config:delete\",\"log:operlog:list\",\"log:operlog:delete\",\"log:operlog:clean\",\"log:loginlog:list\",\"log:loginlog:delete\",\"log:loginlog:clean\"],\"menus\":[{\"id\":1,\"parent_id\":0,\"menu_name\":\"系统管理\",\"menu_type\":1,\"path\":\"system\",\"component\":\"\",\"redirect\":\"user\",\"icon\":\"ep:tools\",\"perms\":\"\",\"display_order\":2,\"is_hidden\":0,\"is_cache\":0,\"is_external\":0,\"status\":1,\"children\":[{\"id\":3,\"parent_id\":1,\"menu_name\":\"用户管理\",\"menu_type\":2,\"path\":\"user\",\"component\":\"system/user/index\",\"icon\":\"ep:user\",\"perms\":\"system:user:list\",\"display_order\":1,\"is_hidden\":0,\"is_cache\":1,\"is_external\":0,\"status\":1,\"children\":[{\"id\":4,\"parent_id\":3,\"me', 1, '超级管理员', '0:0:0:0:0:0:0:1', '', 'Chrome', 'Windows', 1, NULL, 672, '2026-07-14 00:00:00');
INSERT INTO `sys_log` VALUES (13, '通知公告', 'com.platform.admin.controller.notice.SysNoticeController.page', '/notice/page', 'GET', '1,5,1,null,null,null,', '{\"code\":200,\"msg\":\"操作成功\",\"data\":{\"records\":[],\"total\":0,\"page\":1,\"page_size\":5},\"success\":true}', 1, '超级管理员', '0:0:0:0:0:0:0:1', '', 'Chrome', 'Windows', 1, NULL, 70, '2026-07-14 00:00:00');
INSERT INTO `sys_log` VALUES (14, '登录日志', 'com.platform.admin.controller.log.SysLoginLogController.page', '/sysLoginLog/page', 'GET', '1,10,null,null,null,', '{\"code\":200,\"msg\":\"操作成功\",\"data\":{\"records\":[{\"id\":2,\"user_id\":1,\"username\":\"admin\",\"login_type\":1,\"login_type_text\":\"登录\",\"login_ip\":\"0:0:0:0:0:0:0:1\",\"login_location\":\"\",\"browser\":\"Chrome\",\"os\":\"Windows\",\"status\":1,\"status_text\":\"成功\",\"login_time\":\"2026-07-13T23:52:20\"},{\"id\":1,\"user_id\":1,\"username\":\"admin\",\"login_type\":2,\"login_type_text\":\"登出\",\"login_ip\":\"0:0:0:0:0:0:0:1\",\"login_location\":\"\",\"browser\":\"Chrome\",\"os\":\"Windows\",\"status\":1,\"status_text\":\"成功\",\"login_time\":\"2026-07-13T23:52:02\"}],\"total\":2,\"page\":1,\"page_size\":10},\"success\":true}', 1, '超级管理员', '0:0:0:0:0:0:0:1', '', 'Chrome', 'Windows', 1, NULL, 90, '2026-07-14 00:00:00');
INSERT INTO `sys_log` VALUES (15, '操作日志', 'com.platform.admin.controller.log.SysLogController.page', '/sysLog/page', 'GET', '1,10,null,null,', '{\"code\":200,\"msg\":\"操作成功\",\"data\":{\"records\":[{\"id\":12,\"title\":\"用户管理\",\"method\":\"com.platform.admin.controller.user.SysUserController.info\",\"request_url\":\"/user/info\",\"request_method\":\"GET\",\"request_param\":\"\",\"response_data\":\"{\\\"code\\\":200,\\\"msg\\\":\\\"操作成功\\\",\\\"data\\\":{\\\"user\\\":{\\\"id\\\":1,\\\"username\\\":\\\"admin\\\",\\\"nickname\\\":\\\"超级管理员\\\",\\\"avatar\\\":\\\"/avatar/admin.png\\\",\\\"gender\\\":0,\\\"birthday\\\":\\\"2001-11-02\\\",\\\"email\\\":\\\"admin@platform.com\\\",\\\"phone\\\":\\\"13800000001\\\",\\\"dept_id\\\":2,\\\"dept_name\\\":\\\"技术研发部\\\",\\\"remark\\\":\\\"系统初始管理员\\\",\\\"status\\\":1,\\\"login_ip\\\":\\\"0:0:0:0:0:0:0:1\\\",\\\"login_date\\\":\\\"2026-07-13T23:52:20\\\",\\\"create_time\\\":\\\"2026-06-28T15:48:08\\\"},\\\"roles\\\":[{\\\"id\\\":1,\\\"role_name\\\":\\\"超级管理员\\\",\\\"role_code\\\":\\\"admin\\\",\\\"status\\\":1,\\\"remark\\\":\\\"拥有全部权限\\\"}],\\\"permissions\\\":[\\\"system:user:list\\\",\\\"system:user:add\\\",\\\"system:user:edit\\\",\\\"system:user:delete\\\",\\\"system:user:editStatus\\\",\\\"system:user:changePassword\\\",\\\"system:user:assignRoles\\\",\\\"system:role:list\\\",\\\"system:role:add\\\",\\\"system:role:edit\\\",\\\"system:role:delete\\\",\\\"system:role:editStatus\\\",\\\"system:role:sort\\\",\\\"system:role:assignMenus\\\",\\\"system:menu:list\\\",\\\"system:menu:add\\\",\\\"system:menu:edit\\\",\\\"system:menu:delete\\\",\\\"system:menu:editStatus\\\",\\\"system:dept:list\\\",\\\"system:dept:add\\\",\\\"system:dept:edit\\\",\\\"system:dept:delete\\\",\\\"system:dept:editStatus\\\",\\\"system:post:list\\\",\\\"system:post:add\\\",\\\"system:post:edit\\\",\\\"system:post:delete\\\",\\\"system:dict:list\\\",\\\"system:dict:add\\\",\\\"system:dict:edit\\\",\\\"system:dict:delete\\\",\\\"system:dict:item:list\\\",\\\"system:dict:item:add\\\",\\\"system:dict:item:edit\\\",\\\"system:dict:item:delete\\\",\\\"system:notice:list\\\",\\\"system:notice:add\\\",\\\"system:notice:edit\\\",\\\"system:notice:delete\\\",\\\"system:config:list\\\",\\\"system:config:add\\\",\\\"system:config:edit\\\",\\\"system:config:delete\\\",\\\"log:operlog:list\\\",\\\"log:operlog:delete\\\",\\\"log:operlog:clean\\\",\\\"log:loginlog:list\\\",\\\"log:loginlog:delete\\\",\\\"log:loginlog:clean\\\"],\\\"menus\\\":[{\\\"id\\\":1,\\\"parent_id\\\":0,\\\"menu_name\\\":\\\"系统管理\\\",\\\"menu_type\\\":1', 1, '超级管理员', '0:0:0:0:0:0:0:1', '', 'Chrome', 'Windows', 1, NULL, 43, '2026-07-14 00:00:02');
INSERT INTO `sys_log` VALUES (16, '操作日志', 'com.platform.admin.controller.log.SysLogController.page', '/sysLog/page', 'GET', '1,10,null,null,', '{\"code\":200,\"msg\":\"操作成功\",\"data\":{\"records\":[{\"id\":15,\"title\":\"操作日志\",\"method\":\"com.platform.admin.controller.log.SysLogController.page\",\"request_url\":\"/sysLog/page\",\"request_method\":\"GET\",\"request_param\":\"1,10,null,null,\",\"response_data\":\"{\\\"code\\\":200,\\\"msg\\\":\\\"操作成功\\\",\\\"data\\\":{\\\"records\\\":[{\\\"id\\\":12,\\\"title\\\":\\\"用户管理\\\",\\\"method\\\":\\\"com.platform.admin.controller.user.SysUserController.info\\\",\\\"request_url\\\":\\\"/user/info\\\",\\\"request_method\\\":\\\"GET\\\",\\\"request_param\\\":\\\"\\\",\\\"response_data\\\":\\\"{\\\\\\\"code\\\\\\\":200,\\\\\\\"msg\\\\\\\":\\\\\\\"操作成功\\\\\\\",\\\\\\\"data\\\\\\\":{\\\\\\\"user\\\\\\\":{\\\\\\\"id\\\\\\\":1,\\\\\\\"username\\\\\\\":\\\\\\\"admin\\\\\\\",\\\\\\\"nickname\\\\\\\":\\\\\\\"超级管理员\\\\\\\",\\\\\\\"avatar\\\\\\\":\\\\\\\"/avatar/admin.png\\\\\\\",\\\\\\\"gender\\\\\\\":0,\\\\\\\"birthday\\\\\\\":\\\\\\\"2001-11-02\\\\\\\",\\\\\\\"email\\\\\\\":\\\\\\\"admin@platform.com\\\\\\\",\\\\\\\"phone\\\\\\\":\\\\\\\"13800000001\\\\\\\",\\\\\\\"dept_id\\\\\\\":2,\\\\\\\"dept_name\\\\\\\":\\\\\\\"技术研发部\\\\\\\",\\\\\\\"remark\\\\\\\":\\\\\\\"系统初始管理员\\\\\\\",\\\\\\\"status\\\\\\\":1,\\\\\\\"login_ip\\\\\\\":\\\\\\\"0:0:0:0:0:0:0:1\\\\\\\",\\\\\\\"login_date\\\\\\\":\\\\\\\"2026-07-13T23:52:20\\\\\\\",\\\\\\\"create_time\\\\\\\":\\\\\\\"2026-06-28T15:48:08\\\\\\\"},\\\\\\\"roles\\\\\\\":[{\\\\\\\"id\\\\\\\":1,\\\\\\\"role_name\\\\\\\":\\\\\\\"超级管理员\\\\\\\",\\\\\\\"role_code\\\\\\\":\\\\\\\"admin\\\\\\\",\\\\\\\"status\\\\\\\":1,\\\\\\\"remark\\\\\\\":\\\\\\\"拥有全部权限\\\\\\\"}],\\\\\\\"permissions\\\\\\\":[\\\\\\\"system:user:list\\\\\\\",\\\\\\\"system:user:add\\\\\\\",\\\\\\\"system:user:edit\\\\\\\",\\\\\\\"system:user:delete\\\\\\\",\\\\\\\"system:user:editStatus\\\\\\\",\\\\\\\"system:user:changePassword\\\\\\\",\\\\\\\"system:user:assignRoles\\\\\\\",\\\\\\\"system:role:list\\\\\\\",\\\\\\\"system:role:add\\\\\\\",\\\\\\\"system:role:edit\\\\\\\",\\\\\\\"system:role:delete\\\\\\\",\\\\\\\"system:role:editStatus\\\\\\\",\\\\\\\"system:role:sort\\\\\\\",\\\\\\\"system:role:assignMenus\\\\\\\",\\\\\\\"system:menu:list\\\\\\\",\\\\\\\"system:menu:add\\\\\\\",\\\\\\\"system:menu:edit\\\\\\\",\\\\\\\"system:menu:delete\\\\\\\",\\\\\\\"system:menu:editStatus\\\\\\\",\\\\\\\"system:dept:list\\\\\\\",\\\\\\\"system:dept:add\\\\\\\",\\\\\\\"system:dept:edit\\\\\\\",\\\\\\\"system:dept:delete\\\\\\\",\\\\\\\"system:dept:editStatus\\\\\\\",\\\\\\\"system:post:list\\\\\\\",\\\\\\\"system:post:add\\\\\\\",\\\\\\\"system:post:edit\\\\\\\",\\\\\\\"system:post:delete\\\\\\\",\\\\\\\"system:dict:list\\\\\\\",\\\\\\\"system:di', 1, '超级管理员', '0:0:0:0:0:0:0:1', '', 'Chrome', 'Windows', 1, NULL, 21, '2026-07-14 00:00:02');
INSERT INTO `sys_log` VALUES (17, '角色管理', 'com.platform.admin.controller.role.SysRoleController.page', '/role/page', 'GET', '1,10,null,null,', '{\"code\":200,\"msg\":\"操作成功\",\"data\":{\"records\":[{\"id\":1,\"role_name\":\"超级管理员\",\"role_code\":\"admin\",\"display_order\":1,\"status\":1,\"status_text\":\"正常\",\"remark\":\"拥有全部权限\",\"create_time\":\"2026-06-28T15:48:08\"},{\"id\":2,\"role_name\":\"普通用户\",\"role_code\":\"user\",\"display_order\":2,\"status\":1,\"status_text\":\"正常\",\"remark\":\"基础查看权限\",\"create_time\":\"2026-06-28T15:48:08\"},{\"id\":3,\"role_name\":\"运营人员\",\"role_code\":\"operator\",\"display_order\":3,\"status\":1,\"status_text\":\"正常\",\"remark\":\"运营相关权限\",\"create_time\":\"2026-06-28T15:48:08\"}],\"total\":3,\"page\":1,\"page_size\":10},\"success\":true}', 1, '超级管理员', '0:0:0:0:0:0:0:1', '', 'Chrome', 'Windows', 1, NULL, 28, '2026-07-14 00:00:10');
INSERT INTO `sys_log` VALUES (18, '菜单管理', 'com.platform.admin.controller.menu.SysMenuController.tree', '/menu/tree', 'GET', '', '{\"code\":200,\"msg\":\"操作成功\",\"data\":[{\"id\":1,\"parent_id\":0,\"menu_name\":\"系统管理\",\"menu_type\":1,\"path\":\"system\",\"component\":\"\",\"redirect\":\"user\",\"icon\":\"ep:tools\",\"perms\":\"\",\"display_order\":2,\"is_hidden\":0,\"is_cache\":0,\"is_external\":0,\"status\":1,\"status_text\":\"正常\",\"menu_type_text\":\"目录\",\"children\":[{\"id\":3,\"parent_id\":1,\"menu_name\":\"用户管理\",\"menu_type\":2,\"path\":\"user\",\"component\":\"system/user/index\",\"icon\":\"ep:user\",\"perms\":\"system:user:list\",\"display_order\":1,\"is_hidden\":0,\"is_cache\":1,\"is_external\":0,\"status\":1,\"status_text\":\"正常\",\"menu_type_text\":\"菜单\",\"children\":[{\"id\":4,\"parent_id\":3,\"menu_name\":\"新增用户\",\"menu_type\":3,\"path\":\"\",\"component\":\"\",\"icon\":\"\",\"perms\":\"system:user:add\",\"display_order\":1,\"is_hidden\":0,\"is_cache\":0,\"is_external\":0,\"status\":1,\"status_text\":\"正常\",\"menu_type_text\":\"按钮\",\"children\":[]},{\"id\":7,\"parent_id\":3,\"menu_name\":\"切换用户状态\",\"menu_type\":3,\"path\":\"\",\"perms\":\"system:user:editStatus\",\"display_order\":2,\"is_hidden\":0,\"is_cache\":0,\"is_external\":0,\"status\":1,\"status_text\":\"正常\",\"menu_type_text\":\"按钮\",\"children\":[]},{\"id\":6,\"parent_id\":3,\"menu_name\":\"删除用户\",\"menu_type\":3,\"path\":\"\",\"component\":\"\",\"icon\":\"\",\"perms\":\"system:user:delete\",\"display_order\":3,\"is_hidden\":0,\"is_cache\":0,\"is_external\":0,\"status\":1,\"status_text\":\"正常\",\"menu_type_text\":\"按钮\",\"children\":[]},{\"id\":5,\"parent_id\":3,\"menu_name\":\"修改用户\",\"menu_type\":3,\"path\":\"\",\"perms\":\"system:user:edit\",\"display_order\":4,\"is_hidden\":0,\"is_cache\":0,\"is_external\":0,\"status\":1,\"status_text\":\"正常\",\"menu_type_text\":\"按钮\",\"children\":[]},{\"id\":8,\"parent_id\":3,\"menu_name\":\"修改密码\",\"menu_type\":3,\"path\":\"\",\"perms\":\"system:user:changePassword\",\"display_order\":5,\"is_hidden\":0,\"is_cache\":0,\"is_external\":0,\"status\":1,\"status_text\":\"正常\",\"menu_type_text\":\"按钮\",\"children\":[]},{\"id\":9,\"parent_id\":3,\"menu_name\":\"分配角色\",\"menu_type\":3,\"path\":\"\",\"perms\":\"system:user:assignRoles\",\"display_order\":6,\"is_hidden\":0,\"is_cache\":0,\"is_external\":0,\"status\":1,\"status_text\":\"正常\",\"menu_type_text\":\"按钮\",\"children\":[]}]},{\"id\":10,\"parent_id\":1,\"menu_name\":\"角色管理\"', 1, '超级管理员', '0:0:0:0:0:0:0:1', '', 'Chrome', 'Windows', 1, NULL, 40, '2026-07-14 00:00:11');
INSERT INTO `sys_log` VALUES (19, '角色管理', 'com.platform.admin.controller.role.SysRoleController.editStatus', '/role/editStatus', 'POST', '2,', '{\"code\":200,\"msg\":\"操作成功\",\"success\":true}', 1, '超级管理员', '0:0:0:0:0:0:0:1', '', 'Chrome', 'Windows', 1, NULL, 34, '2026-07-14 00:00:20');
INSERT INTO `sys_log` VALUES (20, '角色管理', 'com.platform.admin.controller.role.SysRoleController.editStatus', '/role/editStatus', 'POST', '2,', '{\"code\":200,\"msg\":\"操作成功\",\"success\":true}', 1, '超级管理员', '0:0:0:0:0:0:0:1', '', 'Chrome', 'Windows', 1, NULL, 11, '2026-07-14 00:00:21');
INSERT INTO `sys_log` VALUES (21, '角色管理', 'com.platform.admin.controller.role.SysRoleController.menuIds', '/role/menuIds', 'GET', '2,', '{\"code\":200,\"msg\":\"操作成功\",\"data\":[],\"success\":true}', 1, '超级管理员', '0:0:0:0:0:0:0:1', '', 'Chrome', 'Windows', 1, NULL, 11, '2026-07-14 00:00:27');
INSERT INTO `sys_log` VALUES (22, '菜单管理', 'com.platform.admin.controller.menu.SysMenuController.tree', '/menu/tree', 'GET', '', '{\"code\":200,\"msg\":\"操作成功\",\"data\":[{\"id\":1,\"parent_id\":0,\"menu_name\":\"系统管理\",\"menu_type\":1,\"path\":\"system\",\"component\":\"\",\"redirect\":\"user\",\"icon\":\"ep:tools\",\"perms\":\"\",\"display_order\":2,\"is_hidden\":0,\"is_cache\":0,\"is_external\":0,\"status\":1,\"status_text\":\"正常\",\"menu_type_text\":\"目录\",\"children\":[{\"id\":3,\"parent_id\":1,\"menu_name\":\"用户管理\",\"menu_type\":2,\"path\":\"user\",\"component\":\"system/user/index\",\"icon\":\"ep:user\",\"perms\":\"system:user:list\",\"display_order\":1,\"is_hidden\":0,\"is_cache\":1,\"is_external\":0,\"status\":1,\"status_text\":\"正常\",\"menu_type_text\":\"菜单\",\"children\":[{\"id\":4,\"parent_id\":3,\"menu_name\":\"新增用户\",\"menu_type\":3,\"path\":\"\",\"component\":\"\",\"icon\":\"\",\"perms\":\"system:user:add\",\"display_order\":1,\"is_hidden\":0,\"is_cache\":0,\"is_external\":0,\"status\":1,\"status_text\":\"正常\",\"menu_type_text\":\"按钮\",\"children\":[]},{\"id\":7,\"parent_id\":3,\"menu_name\":\"切换用户状态\",\"menu_type\":3,\"path\":\"\",\"perms\":\"system:user:editStatus\",\"display_order\":2,\"is_hidden\":0,\"is_cache\":0,\"is_external\":0,\"status\":1,\"status_text\":\"正常\",\"menu_type_text\":\"按钮\",\"children\":[]},{\"id\":6,\"parent_id\":3,\"menu_name\":\"删除用户\",\"menu_type\":3,\"path\":\"\",\"component\":\"\",\"icon\":\"\",\"perms\":\"system:user:delete\",\"display_order\":3,\"is_hidden\":0,\"is_cache\":0,\"is_external\":0,\"status\":1,\"status_text\":\"正常\",\"menu_type_text\":\"按钮\",\"children\":[]},{\"id\":5,\"parent_id\":3,\"menu_name\":\"修改用户\",\"menu_type\":3,\"path\":\"\",\"perms\":\"system:user:edit\",\"display_order\":4,\"is_hidden\":0,\"is_cache\":0,\"is_external\":0,\"status\":1,\"status_text\":\"正常\",\"menu_type_text\":\"按钮\",\"children\":[]},{\"id\":8,\"parent_id\":3,\"menu_name\":\"修改密码\",\"menu_type\":3,\"path\":\"\",\"perms\":\"system:user:changePassword\",\"display_order\":5,\"is_hidden\":0,\"is_cache\":0,\"is_external\":0,\"status\":1,\"status_text\":\"正常\",\"menu_type_text\":\"按钮\",\"children\":[]},{\"id\":9,\"parent_id\":3,\"menu_name\":\"分配角色\",\"menu_type\":3,\"path\":\"\",\"perms\":\"system:user:assignRoles\",\"display_order\":6,\"is_hidden\":0,\"is_cache\":0,\"is_external\":0,\"status\":1,\"status_text\":\"正常\",\"menu_type_text\":\"按钮\",\"children\":[]}]},{\"id\":10,\"parent_id\":1,\"menu_name\":\"角色管理\"', 1, '超级管理员', '0:0:0:0:0:0:0:1', '', 'Chrome', 'Windows', 1, NULL, 15, '2026-07-14 00:00:28');
INSERT INTO `sys_log` VALUES (23, '部门管理', 'com.platform.admin.controller.dept.SysDeptController.tree', '/dept/tree', 'GET', '', '{\"code\":200,\"msg\":\"操作成功\",\"data\":[{\"id\":1,\"parent_id\":0,\"dept_name\":\"总公司\",\"leader\":\"管理员\",\"phone\":\"13800000000\",\"email\":\"admin@platform.com\",\"display_order\":1,\"status\":1,\"status_text\":\"正常\",\"children\":[{\"id\":2,\"parent_id\":1,\"dept_name\":\"技术研发部\",\"leader\":\"张三\",\"phone\":\"13800000002\",\"email\":\"dev@platform.com\",\"display_order\":1,\"status\":1,\"status_text\":\"正常\",\"children\":[]},{\"id\":3,\"parent_id\":1,\"dept_name\":\"产品设计部\",\"leader\":\"李四\",\"phone\":\"13800000003\",\"email\":\"product@platform.com\",\"display_order\":2,\"status\":1,\"status_text\":\"正常\",\"children\":[]},{\"id\":4,\"parent_id\":1,\"dept_name\":\"运营中心\",\"leader\":\"王五\",\"phone\":\"13800000004\",\"email\":\"ops@platform.com\",\"display_order\":3,\"status\":0,\"status_text\":\"禁用\",\"children\":[]}]}],\"success\":true}', 1, '超级管理员', '0:0:0:0:0:0:0:1', '', 'Chrome', 'Windows', 1, NULL, 23, '2026-07-14 00:00:30');
INSERT INTO `sys_log` VALUES (24, '系统配置', 'com.platform.admin.controller.sysconfig.SysConfigController.page', '/sysConfig/page', 'GET', '1,10,null,null,', '{\"code\":200,\"msg\":\"操作成功\",\"data\":{\"records\":[{\"id\":7,\"config_name\":\"万能验证码\",\"config_key\":\"sys.bypass.captcha\",\"config_value\":\"YXLB\",\"config_type\":1,\"config_type_text\":\"是\",\"remark\":\"万能验证码\",\"create_time\":\"2026-07-11T17:10:46\"},{\"id\":6,\"config_name\":\"用户登录-黑名单列表\",\"config_key\":\"sys.login.blackIPList\",\"config_value\":\"\",\"config_type\":1,\"config_type_text\":\"是\",\"remark\":\"设置登录IP黑名单限制\",\"create_time\":\"2026-07-08T16:24:50\"},{\"id\":5,\"config_name\":\"账号自助-是否开启注册\",\"config_key\":\"sys.account.registerUser\",\"config_value\":\"false\",\"config_type\":1,\"config_type_text\":\"是\",\"remark\":\"是否开启自助注册功能\",\"create_time\":\"2026-07-08T16:24:50\"},{\"id\":4,\"config_name\":\"是否开启验证码登录\",\"config_key\":\"sys.account.captchaEnabled\",\"config_value\":\"true\",\"config_type\":1,\"config_type_text\":\"是\",\"remark\":\"是否开启验证码功能\",\"create_time\":\"2026-07-08T16:24:50\"},{\"id\":3,\"config_name\":\"主框架页-侧边栏主题\",\"config_key\":\"sys.index.sideTheme\",\"config_value\":\"theme-dark\",\"config_type\":1,\"config_type_text\":\"是\",\"remark\":\"深色主题 theme-dark、浅色主题 theme-light\",\"create_time\":\"2026-07-08T16:24:50\"},{\"id\":2,\"config_name\":\"用户管理-账号初始密码\",\"config_key\":\"sys.user.initPassword\",\"config_value\":\"Abcd1234!\",\"config_type\":1,\"config_type_text\":\"是\",\"remark\":\"初始化用户密码\",\"create_time\":\"2026-07-08T16:24:50\"},{\"id\":1,\"config_name\":\"主框架页-默认皮肤样式名称\",\"config_key\":\"sys.index.skinName\",\"config_value\":\"skin-blue\",\"config_type\":1,\"config_type_text\":\"是\",\"remark\":\"蓝色 skin-blue、绿色 skin-green、紫色 skin-purple、红色 skin-red、黄色 skin-yellow\",\"create_time\":\"2026-07-08T16:24:50\"}],\"total\":7,\"page\":1,\"page_size\":10},\"success\":true}', 1, '超级管理员', '0:0:0:0:0:0:0:1', '', 'Chrome', 'Windows', 1, NULL, 38, '2026-07-14 00:00:32');
INSERT INTO `sys_log` VALUES (25, '系统配置', 'com.platform.admin.controller.sysconfig.SysConfigController.page', '/sysConfig/page', 'GET', '1,10,null,null,', '{\"code\":200,\"msg\":\"操作成功\",\"data\":{\"records\":[{\"id\":7,\"config_name\":\"万能验证码\",\"config_key\":\"sys.bypass.captcha\",\"config_value\":\"YXLB\",\"config_type\":1,\"config_type_text\":\"是\",\"remark\":\"万能验证码\",\"create_time\":\"2026-07-11T17:10:46\"},{\"id\":6,\"config_name\":\"用户登录-黑名单列表\",\"config_key\":\"sys.login.blackIPList\",\"config_value\":\"\",\"config_type\":1,\"config_type_text\":\"是\",\"remark\":\"设置登录IP黑名单限制\",\"create_time\":\"2026-07-08T16:24:50\"},{\"id\":5,\"config_name\":\"账号自助-是否开启注册\",\"config_key\":\"sys.account.registerUser\",\"config_value\":\"false\",\"config_type\":1,\"config_type_text\":\"是\",\"remark\":\"是否开启自助注册功能\",\"create_time\":\"2026-07-08T16:24:50\"},{\"id\":4,\"config_name\":\"是否开启验证码登录\",\"config_key\":\"sys.account.captchaEnabled\",\"config_value\":\"true\",\"config_type\":1,\"config_type_text\":\"是\",\"remark\":\"是否开启验证码功能\",\"create_time\":\"2026-07-08T16:24:50\"},{\"id\":3,\"config_name\":\"主框架页-侧边栏主题\",\"config_key\":\"sys.index.sideTheme\",\"config_value\":\"theme-dark\",\"config_type\":1,\"config_type_text\":\"是\",\"remark\":\"深色主题 theme-dark、浅色主题 theme-light\",\"create_time\":\"2026-07-08T16:24:50\"},{\"id\":2,\"config_name\":\"用户管理-账号初始密码\",\"config_key\":\"sys.user.initPassword\",\"config_value\":\"Abcd1234!\",\"config_type\":1,\"config_type_text\":\"是\",\"remark\":\"初始化用户密码\",\"create_time\":\"2026-07-08T16:24:50\"},{\"id\":1,\"config_name\":\"主框架页-默认皮肤样式名称\",\"config_key\":\"sys.index.skinName\",\"config_value\":\"skin-blue\",\"config_type\":1,\"config_type_text\":\"是\",\"remark\":\"蓝色 skin-blue、绿色 skin-green、紫色 skin-purple、红色 skin-red、黄色 skin-yellow\",\"create_time\":\"2026-07-08T16:24:50\"}],\"total\":7,\"page\":1,\"page_size\":10},\"success\":true}', 1, '超级管理员', '0:0:0:0:0:0:0:1', '', 'Chrome', 'Windows', 1, NULL, 14, '2026-07-14 00:00:32');
INSERT INTO `sys_log` VALUES (26, '操作日志', 'com.platform.admin.controller.log.SysLogController.page', '/sysLog/page', 'GET', '1,10,null,null,', '{\"code\":200,\"msg\":\"操作成功\",\"data\":{\"records\":[{\"id\":25,\"title\":\"系统配置\",\"method\":\"com.platform.admin.controller.sysconfig.SysConfigController.page\",\"request_url\":\"/sysConfig/page\",\"request_method\":\"GET\",\"request_param\":\"1,10,null,null,\",\"response_data\":\"{\\\"code\\\":200,\\\"msg\\\":\\\"操作成功\\\",\\\"data\\\":{\\\"records\\\":[{\\\"id\\\":7,\\\"config_name\\\":\\\"万能验证码\\\",\\\"config_key\\\":\\\"sys.bypass.captcha\\\",\\\"config_value\\\":\\\"YXLB\\\",\\\"config_type\\\":1,\\\"config_type_text\\\":\\\"是\\\",\\\"remark\\\":\\\"万能验证码\\\",\\\"create_time\\\":\\\"2026-07-11T17:10:46\\\"},{\\\"id\\\":6,\\\"config_name\\\":\\\"用户登录-黑名单列表\\\",\\\"config_key\\\":\\\"sys.login.blackIPList\\\",\\\"config_value\\\":\\\"\\\",\\\"config_type\\\":1,\\\"config_type_text\\\":\\\"是\\\",\\\"remark\\\":\\\"设置登录IP黑名单限制\\\",\\\"create_time\\\":\\\"2026-07-08T16:24:50\\\"},{\\\"id\\\":5,\\\"config_name\\\":\\\"账号自助-是否开启注册\\\",\\\"config_key\\\":\\\"sys.account.registerUser\\\",\\\"config_value\\\":\\\"false\\\",\\\"config_type\\\":1,\\\"config_type_text\\\":\\\"是\\\",\\\"remark\\\":\\\"是否开启自助注册功能\\\",\\\"create_time\\\":\\\"2026-07-08T16:24:50\\\"},{\\\"id\\\":4,\\\"config_name\\\":\\\"是否开启验证码登录\\\",\\\"config_key\\\":\\\"sys.account.captchaEnabled\\\",\\\"config_value\\\":\\\"true\\\",\\\"config_type\\\":1,\\\"config_type_text\\\":\\\"是\\\",\\\"remark\\\":\\\"是否开启验证码功能\\\",\\\"create_time\\\":\\\"2026-07-08T16:24:50\\\"},{\\\"id\\\":3,\\\"config_name\\\":\\\"主框架页-侧边栏主题\\\",\\\"config_key\\\":\\\"sys.index.sideTheme\\\",\\\"config_value\\\":\\\"theme-dark\\\",\\\"config_type\\\":1,\\\"config_type_text\\\":\\\"是\\\",\\\"remark\\\":\\\"深色主题 theme-dark、浅色主题 theme-light\\\",\\\"create_time\\\":\\\"2026-07-08T16:24:50\\\"},{\\\"id\\\":2,\\\"config_name\\\":\\\"用户管理-账号初始密码\\\",\\\"config_key\\\":\\\"sys.user.initPassword\\\",\\\"config_value\\\":\\\"Abcd1234!\\\",\\\"config_type\\\":1,\\\"config_type_text\\\":\\\"是\\\",\\\"remark\\\":\\\"初始化用户密码\\\",\\\"create_time\\\":\\\"2026-07-08T16:24:50\\\"},{\\\"id\\\":1,\\\"config_name\\\":\\\"主框架页-默认皮肤样式名称\\\",\\\"config_key\\\":\\\"sys.index.skinName\\\",\\\"config_value\\\":\\\"skin-blue\\\",\\\"config_type\\\":1,\\\"config_type_text\\\":\\\"是\\\",\\\"remark\\\":\\\"蓝色 skin-blue、绿色 skin-green、紫色 skin-purple、红色 skin-red、黄色 skin-yellow\\\",\\\"create_time\\\":\\\"2026-07-08T16:24:50\\\"}],\\\"total\\\":7,\\\"page\\\":1,\\\"page_size\\\":10},\\\"success\\\":true}\",\"oper_id\":1', 1, '超级管理员', '0:0:0:0:0:0:0:1', '', 'Chrome', 'Windows', 1, NULL, 19, '2026-07-14 00:00:40');
INSERT INTO `sys_log` VALUES (27, '登录日志', 'com.platform.admin.controller.log.SysLoginLogController.page', '/sysLoginLog/page', 'GET', '1,10,null,null,null,', '{\"code\":200,\"msg\":\"操作成功\",\"data\":{\"records\":[{\"id\":2,\"user_id\":1,\"username\":\"admin\",\"login_type\":1,\"login_type_text\":\"登录\",\"login_ip\":\"0:0:0:0:0:0:0:1\",\"login_location\":\"\",\"browser\":\"Chrome\",\"os\":\"Windows\",\"status\":1,\"status_text\":\"成功\",\"login_time\":\"2026-07-13T23:52:20\"},{\"id\":1,\"user_id\":1,\"username\":\"admin\",\"login_type\":2,\"login_type_text\":\"登出\",\"login_ip\":\"0:0:0:0:0:0:0:1\",\"login_location\":\"\",\"browser\":\"Chrome\",\"os\":\"Windows\",\"status\":1,\"status_text\":\"成功\",\"login_time\":\"2026-07-13T23:52:02\"}],\"total\":2,\"page\":1,\"page_size\":10},\"success\":true}', 1, '超级管理员', '0:0:0:0:0:0:0:1', '', 'Chrome', 'Windows', 1, NULL, 10, '2026-07-14 00:00:42');
INSERT INTO `sys_log` VALUES (28, '操作日志', 'com.platform.admin.controller.log.SysLogController.page', '/sysLog/page', 'GET', '1,10,null,null,', '{\"code\":200,\"msg\":\"操作成功\",\"data\":{\"records\":[{\"id\":27,\"title\":\"登录日志\",\"method\":\"com.platform.admin.controller.log.SysLoginLogController.page\",\"request_url\":\"/sysLoginLog/page\",\"request_method\":\"GET\",\"request_param\":\"1,10,null,null,null,\",\"response_data\":\"{\\\"code\\\":200,\\\"msg\\\":\\\"操作成功\\\",\\\"data\\\":{\\\"records\\\":[{\\\"id\\\":2,\\\"user_id\\\":1,\\\"username\\\":\\\"admin\\\",\\\"login_type\\\":1,\\\"login_type_text\\\":\\\"登录\\\",\\\"login_ip\\\":\\\"0:0:0:0:0:0:0:1\\\",\\\"login_location\\\":\\\"\\\",\\\"browser\\\":\\\"Chrome\\\",\\\"os\\\":\\\"Windows\\\",\\\"status\\\":1,\\\"status_text\\\":\\\"成功\\\",\\\"login_time\\\":\\\"2026-07-13T23:52:20\\\"},{\\\"id\\\":1,\\\"user_id\\\":1,\\\"username\\\":\\\"admin\\\",\\\"login_type\\\":2,\\\"login_type_text\\\":\\\"登出\\\",\\\"login_ip\\\":\\\"0:0:0:0:0:0:0:1\\\",\\\"login_location\\\":\\\"\\\",\\\"browser\\\":\\\"Chrome\\\",\\\"os\\\":\\\"Windows\\\",\\\"status\\\":1,\\\"status_text\\\":\\\"成功\\\",\\\"login_time\\\":\\\"2026-07-13T23:52:02\\\"}],\\\"total\\\":2,\\\"page\\\":1,\\\"page_size\\\":10},\\\"success\\\":true}\",\"oper_id\":1,\"oper_name\":\"超级管理员\",\"oper_ip\":\"0:0:0:0:0:0:0:1\",\"oper_location\":\"\",\"browser\":\"Chrome\",\"os\":\"Windows\",\"status\":1,\"status_text\":\"正常\",\"cost_time\":10,\"oper_time\":\"2026-07-14T00:00:42\"},{\"id\":26,\"title\":\"操作日志\",\"method\":\"com.platform.admin.controller.log.SysLogController.page\",\"request_url\":\"/sysLog/page\",\"request_method\":\"GET\",\"request_param\":\"1,10,null,null,\",\"response_data\":\"{\\\"code\\\":200,\\\"msg\\\":\\\"操作成功\\\",\\\"data\\\":{\\\"records\\\":[{\\\"id\\\":25,\\\"title\\\":\\\"系统配置\\\",\\\"method\\\":\\\"com.platform.admin.controller.sysconfig.SysConfigController.page\\\",\\\"request_url\\\":\\\"/sysConfig/page\\\",\\\"request_method\\\":\\\"GET\\\",\\\"request_param\\\":\\\"1,10,null,null,\\\",\\\"response_data\\\":\\\"{\\\\\\\"code\\\\\\\":200,\\\\\\\"msg\\\\\\\":\\\\\\\"操作成功\\\\\\\",\\\\\\\"data\\\\\\\":{\\\\\\\"records\\\\\\\":[{\\\\\\\"id\\\\\\\":7,\\\\\\\"config_name\\\\\\\":\\\\\\\"万能验证码\\\\\\\",\\\\\\\"config_key\\\\\\\":\\\\\\\"sys.bypass.captcha\\\\\\\",\\\\\\\"config_value\\\\\\\":\\\\\\\"YXLB\\\\\\\",\\\\\\\"config_type\\\\\\\":1,\\\\\\\"config_type_text\\\\\\\":\\\\\\\"是\\\\\\\",\\\\\\\"remark\\\\\\\":\\\\\\\"万能验证码\\\\\\\",\\\\\\\"create_time\\\\\\\":\\\\\\\"2026-07-11T17:10:46\\\\\\\"},{\\\\\\\"id\\\\\\\":6,\\\\\\\"config_name\\\\\\\":\\\\\\\"用户登录-黑名单列表\\\\\\\",\\\\\\\"config_key\\\\\\\":\\\\\\\"sys.login.black', 1, '超级管理员', '0:0:0:0:0:0:0:1', '', 'Chrome', 'Windows', 1, NULL, 15, '2026-07-14 00:00:45');
INSERT INTO `sys_log` VALUES (29, '登录日志', 'com.platform.admin.controller.log.SysLoginLogController.page', '/sysLoginLog/page', 'GET', '1,10,null,null,null,', '{\"code\":200,\"msg\":\"操作成功\",\"data\":{\"records\":[{\"id\":2,\"user_id\":1,\"username\":\"admin\",\"login_type\":1,\"login_type_text\":\"登录\",\"login_ip\":\"0:0:0:0:0:0:0:1\",\"login_location\":\"\",\"browser\":\"Chrome\",\"os\":\"Windows\",\"status\":1,\"status_text\":\"成功\",\"login_time\":\"2026-07-13T23:52:20\"},{\"id\":1,\"user_id\":1,\"username\":\"admin\",\"login_type\":2,\"login_type_text\":\"登出\",\"login_ip\":\"0:0:0:0:0:0:0:1\",\"login_location\":\"\",\"browser\":\"Chrome\",\"os\":\"Windows\",\"status\":1,\"status_text\":\"成功\",\"login_time\":\"2026-07-13T23:52:02\"}],\"total\":2,\"page\":1,\"page_size\":10},\"success\":true}', 1, '超级管理员', '0:0:0:0:0:0:0:1', '', 'Chrome', 'Windows', 1, NULL, 11, '2026-07-14 00:00:47');
INSERT INTO `sys_log` VALUES (30, '系统配置', 'com.platform.admin.controller.sysconfig.SysConfigController.page', '/sysConfig/page', 'GET', '1,10,null,null,', '{\"code\":200,\"msg\":\"操作成功\",\"data\":{\"records\":[{\"id\":7,\"config_name\":\"万能验证码\",\"config_key\":\"sys.bypass.captcha\",\"config_value\":\"YXLB\",\"config_type\":1,\"config_type_text\":\"是\",\"remark\":\"万能验证码\",\"create_time\":\"2026-07-11T17:10:46\"},{\"id\":6,\"config_name\":\"用户登录-黑名单列表\",\"config_key\":\"sys.login.blackIPList\",\"config_value\":\"\",\"config_type\":1,\"config_type_text\":\"是\",\"remark\":\"设置登录IP黑名单限制\",\"create_time\":\"2026-07-08T16:24:50\"},{\"id\":5,\"config_name\":\"账号自助-是否开启注册\",\"config_key\":\"sys.account.registerUser\",\"config_value\":\"false\",\"config_type\":1,\"config_type_text\":\"是\",\"remark\":\"是否开启自助注册功能\",\"create_time\":\"2026-07-08T16:24:50\"},{\"id\":4,\"config_name\":\"是否开启验证码登录\",\"config_key\":\"sys.account.captchaEnabled\",\"config_value\":\"true\",\"config_type\":1,\"config_type_text\":\"是\",\"remark\":\"是否开启验证码功能\",\"create_time\":\"2026-07-08T16:24:50\"},{\"id\":3,\"config_name\":\"主框架页-侧边栏主题\",\"config_key\":\"sys.index.sideTheme\",\"config_value\":\"theme-dark\",\"config_type\":1,\"config_type_text\":\"是\",\"remark\":\"深色主题 theme-dark、浅色主题 theme-light\",\"create_time\":\"2026-07-08T16:24:50\"},{\"id\":2,\"config_name\":\"用户管理-账号初始密码\",\"config_key\":\"sys.user.initPassword\",\"config_value\":\"Abcd1234!\",\"config_type\":1,\"config_type_text\":\"是\",\"remark\":\"初始化用户密码\",\"create_time\":\"2026-07-08T16:24:50\"},{\"id\":1,\"config_name\":\"主框架页-默认皮肤样式名称\",\"config_key\":\"sys.index.skinName\",\"config_value\":\"skin-blue\",\"config_type\":1,\"config_type_text\":\"是\",\"remark\":\"蓝色 skin-blue、绿色 skin-green、紫色 skin-purple、红色 skin-red、黄色 skin-yellow\",\"create_time\":\"2026-07-08T16:24:50\"}],\"total\":7,\"page\":1,\"page_size\":10},\"success\":true}', 1, '超级管理员', '0:0:0:0:0:0:0:1', '', 'Chrome', 'Windows', 1, NULL, 15, '2026-07-14 00:02:24');
INSERT INTO `sys_log` VALUES (31, '角色管理', 'com.platform.admin.controller.role.SysRoleController.menuIds', '/role/menuIds', 'GET', '1,', '{\"code\":200,\"msg\":\"操作成功\",\"data\":[1,2,3,4,5,6,7,8,9,10,11,12,13,14,15,16,17,18,19,20,21,22,23,24,25,26,27,28,29,30,31,32,33,34,35,36,37,38,39,40,41,42,43,44,45,46,47,48,49,50,51,52,53,54],\"success\":true}', 1, '超级管理员', '0:0:0:0:0:0:0:1', '', 'Chrome', 'Windows', 1, NULL, 8, '2026-07-14 00:02:41');
INSERT INTO `sys_log` VALUES (32, '菜单管理', 'com.platform.admin.controller.menu.SysMenuController.tree', '/menu/tree', 'GET', '', '{\"code\":200,\"msg\":\"操作成功\",\"data\":[{\"id\":1,\"parent_id\":0,\"menu_name\":\"系统管理\",\"menu_type\":1,\"path\":\"system\",\"component\":\"\",\"redirect\":\"user\",\"icon\":\"ep:tools\",\"perms\":\"\",\"display_order\":2,\"is_hidden\":0,\"is_cache\":0,\"is_external\":0,\"status\":1,\"status_text\":\"正常\",\"menu_type_text\":\"目录\",\"children\":[{\"id\":3,\"parent_id\":1,\"menu_name\":\"用户管理\",\"menu_type\":2,\"path\":\"user\",\"component\":\"system/user/index\",\"icon\":\"ep:user\",\"perms\":\"system:user:list\",\"display_order\":1,\"is_hidden\":0,\"is_cache\":1,\"is_external\":0,\"status\":1,\"status_text\":\"正常\",\"menu_type_text\":\"菜单\",\"children\":[{\"id\":4,\"parent_id\":3,\"menu_name\":\"新增用户\",\"menu_type\":3,\"path\":\"\",\"component\":\"\",\"icon\":\"\",\"perms\":\"system:user:add\",\"display_order\":1,\"is_hidden\":0,\"is_cache\":0,\"is_external\":0,\"status\":1,\"status_text\":\"正常\",\"menu_type_text\":\"按钮\",\"children\":[]},{\"id\":7,\"parent_id\":3,\"menu_name\":\"切换用户状态\",\"menu_type\":3,\"path\":\"\",\"perms\":\"system:user:editStatus\",\"display_order\":2,\"is_hidden\":0,\"is_cache\":0,\"is_external\":0,\"status\":1,\"status_text\":\"正常\",\"menu_type_text\":\"按钮\",\"children\":[]},{\"id\":6,\"parent_id\":3,\"menu_name\":\"删除用户\",\"menu_type\":3,\"path\":\"\",\"component\":\"\",\"icon\":\"\",\"perms\":\"system:user:delete\",\"display_order\":3,\"is_hidden\":0,\"is_cache\":0,\"is_external\":0,\"status\":1,\"status_text\":\"正常\",\"menu_type_text\":\"按钮\",\"children\":[]},{\"id\":5,\"parent_id\":3,\"menu_name\":\"修改用户\",\"menu_type\":3,\"path\":\"\",\"perms\":\"system:user:edit\",\"display_order\":4,\"is_hidden\":0,\"is_cache\":0,\"is_external\":0,\"status\":1,\"status_text\":\"正常\",\"menu_type_text\":\"按钮\",\"children\":[]},{\"id\":8,\"parent_id\":3,\"menu_name\":\"修改密码\",\"menu_type\":3,\"path\":\"\",\"perms\":\"system:user:changePassword\",\"display_order\":5,\"is_hidden\":0,\"is_cache\":0,\"is_external\":0,\"status\":1,\"status_text\":\"正常\",\"menu_type_text\":\"按钮\",\"children\":[]},{\"id\":9,\"parent_id\":3,\"menu_name\":\"分配角色\",\"menu_type\":3,\"path\":\"\",\"perms\":\"system:user:assignRoles\",\"display_order\":6,\"is_hidden\":0,\"is_cache\":0,\"is_external\":0,\"status\":1,\"status_text\":\"正常\",\"menu_type_text\":\"按钮\",\"children\":[]}]},{\"id\":10,\"parent_id\":1,\"menu_name\":\"角色管理\"', 1, '超级管理员', '0:0:0:0:0:0:0:1', '', 'Chrome', 'Windows', 1, NULL, 11, '2026-07-14 00:02:41');
INSERT INTO `sys_log` VALUES (33, '角色管理', 'com.platform.admin.controller.role.SysRoleController.assignMenus', '/role/assignMenus', 'POST', '{\"role_id\":1,\"menu_ids\":[1,3,4,7,6,5,8,9,10,11,12,13,14,15,16,17,18,19,20,21,22,23,24,25,26,27,28,29,30,31,32,33,34,35,36,37,38,39,40,41,42,43,44,45,46,54,53,2,50,51,52,47,48,49]},', '{\"code\":200,\"msg\":\"操作成功\",\"success\":true}', 1, '超级管理员', '0:0:0:0:0:0:0:1', '', 'Chrome', 'Windows', 1, NULL, 245, '2026-07-14 00:02:47');
INSERT INTO `sys_log` VALUES (34, '用户管理', 'com.platform.admin.controller.user.SysUserController.info', '/user/info', 'GET', '', '{\"code\":200,\"msg\":\"操作成功\",\"data\":{\"user\":{\"id\":1,\"username\":\"admin\",\"nickname\":\"超级管理员\",\"avatar\":\"/avatar/admin.png\",\"gender\":0,\"birthday\":\"2001-11-02\",\"email\":\"admin@platform.com\",\"phone\":\"13800000001\",\"dept_id\":2,\"dept_name\":\"技术研发部\",\"remark\":\"系统初始管理员\",\"status\":1,\"login_ip\":\"0:0:0:0:0:0:0:1\",\"login_date\":\"2026-07-13T23:52:20\",\"create_time\":\"2026-06-28T15:48:08\"},\"roles\":[{\"id\":1,\"role_name\":\"超级管理员\",\"role_code\":\"admin\",\"status\":1,\"remark\":\"拥有全部权限\"}],\"permissions\":[\"system:user:list\",\"system:user:add\",\"system:user:edit\",\"system:user:delete\",\"system:user:editStatus\",\"system:user:changePassword\",\"system:user:assignRoles\",\"system:role:list\",\"system:role:add\",\"system:role:edit\",\"system:role:delete\",\"system:role:editStatus\",\"system:role:sort\",\"system:role:assignMenus\",\"system:menu:list\",\"system:menu:add\",\"system:menu:edit\",\"system:menu:delete\",\"system:menu:editStatus\",\"system:dept:list\",\"system:dept:add\",\"system:dept:edit\",\"system:dept:delete\",\"system:dept:editStatus\",\"system:post:list\",\"system:post:add\",\"system:post:edit\",\"system:post:delete\",\"system:dict:list\",\"system:dict:add\",\"system:dict:edit\",\"system:dict:delete\",\"system:dict:item:list\",\"system:dict:item:add\",\"system:dict:item:edit\",\"system:dict:item:delete\",\"system:notice:list\",\"system:notice:add\",\"system:notice:edit\",\"system:notice:delete\",\"system:config:list\",\"system:config:add\",\"system:config:edit\",\"system:config:delete\",\"log:operlog:list\",\"log:operlog:delete\",\"log:operlog:clean\",\"log:loginlog:list\",\"log:loginlog:delete\",\"log:loginlog:clean\"],\"menus\":[{\"id\":1,\"parent_id\":0,\"menu_name\":\"系统管理\",\"menu_type\":1,\"path\":\"system\",\"component\":\"\",\"redirect\":\"user\",\"icon\":\"ep:tools\",\"perms\":\"\",\"display_order\":2,\"is_hidden\":0,\"is_cache\":0,\"is_external\":0,\"status\":1,\"children\":[{\"id\":3,\"parent_id\":1,\"menu_name\":\"用户管理\",\"menu_type\":2,\"path\":\"user\",\"component\":\"system/user/index\",\"icon\":\"ep:user\",\"perms\":\"system:user:list\",\"display_order\":1,\"is_hidden\":0,\"is_cache\":1,\"is_external\":0,\"status\":1,\"children\":[{\"id\":4,\"parent_id\":3,\"me', 1, '超级管理员', '0:0:0:0:0:0:0:1', '', 'Chrome', 'Windows', 1, NULL, 52, '2026-07-14 00:02:50');
INSERT INTO `sys_log` VALUES (35, '通知公告', 'com.platform.admin.controller.notice.SysNoticeController.page', '/notice/page', 'GET', '1,5,1,null,null,null,', '{\"code\":200,\"msg\":\"操作成功\",\"data\":{\"records\":[],\"total\":0,\"page\":1,\"page_size\":5},\"success\":true}', 1, '超级管理员', '0:0:0:0:0:0:0:1', '', 'Chrome', 'Windows', 1, NULL, 7, '2026-07-14 00:02:50');
INSERT INTO `sys_log` VALUES (36, '角色管理', 'com.platform.admin.controller.role.SysRoleController.page', '/role/page', 'GET', '1,10,null,null,', '{\"code\":200,\"msg\":\"操作成功\",\"data\":{\"records\":[{\"id\":1,\"role_name\":\"超级管理员\",\"role_code\":\"admin\",\"display_order\":1,\"status\":1,\"status_text\":\"正常\",\"remark\":\"拥有全部权限\",\"create_time\":\"2026-06-28T15:48:08\"},{\"id\":2,\"role_name\":\"普通用户\",\"role_code\":\"user\",\"display_order\":2,\"status\":1,\"status_text\":\"正常\",\"remark\":\"基础查看权限\",\"create_time\":\"2026-06-28T15:48:08\"},{\"id\":3,\"role_name\":\"运营人员\",\"role_code\":\"operator\",\"display_order\":3,\"status\":1,\"status_text\":\"正常\",\"remark\":\"运营相关权限\",\"create_time\":\"2026-06-28T15:48:08\"}],\"total\":3,\"page\":1,\"page_size\":10},\"success\":true}', 1, '超级管理员', '0:0:0:0:0:0:0:1', '', 'Chrome', 'Windows', 1, NULL, 10, '2026-07-14 00:02:50');
INSERT INTO `sys_log` VALUES (37, '用户管理', 'com.platform.admin.controller.user.SysUserController.info', '/user/info', 'GET', '', '{\"code\":200,\"msg\":\"操作成功\",\"data\":{\"user\":{\"id\":1,\"username\":\"admin\",\"nickname\":\"超级管理员\",\"avatar\":\"/avatar/admin.png\",\"gender\":0,\"birthday\":\"2001-11-02\",\"email\":\"admin@platform.com\",\"phone\":\"13800000001\",\"dept_id\":2,\"dept_name\":\"技术研发部\",\"remark\":\"系统初始管理员\",\"status\":1,\"login_ip\":\"0:0:0:0:0:0:0:1\",\"login_date\":\"2026-07-13T23:52:20\",\"create_time\":\"2026-06-28T15:48:08\"},\"roles\":[{\"id\":1,\"role_name\":\"超级管理员\",\"role_code\":\"admin\",\"status\":1,\"remark\":\"拥有全部权限\"}],\"permissions\":[\"system:user:list\",\"system:user:add\",\"system:user:edit\",\"system:user:delete\",\"system:user:editStatus\",\"system:user:changePassword\",\"system:user:assignRoles\",\"system:role:list\",\"system:role:add\",\"system:role:edit\",\"system:role:delete\",\"system:role:editStatus\",\"system:role:sort\",\"system:role:assignMenus\",\"system:menu:list\",\"system:menu:add\",\"system:menu:edit\",\"system:menu:delete\",\"system:menu:editStatus\",\"system:dept:list\",\"system:dept:add\",\"system:dept:edit\",\"system:dept:delete\",\"system:dept:editStatus\",\"system:post:list\",\"system:post:add\",\"system:post:edit\",\"system:post:delete\",\"system:dict:list\",\"system:dict:add\",\"system:dict:edit\",\"system:dict:delete\",\"system:dict:item:list\",\"system:dict:item:add\",\"system:dict:item:edit\",\"system:dict:item:delete\",\"system:notice:list\",\"system:notice:add\",\"system:notice:edit\",\"system:notice:delete\",\"system:config:list\",\"system:config:add\",\"system:config:edit\",\"system:config:delete\",\"log:operlog:list\",\"log:operlog:delete\",\"log:operlog:clean\",\"log:loginlog:list\",\"log:loginlog:delete\",\"log:loginlog:clean\"],\"menus\":[{\"id\":1,\"parent_id\":0,\"menu_name\":\"系统管理\",\"menu_type\":1,\"path\":\"system\",\"component\":\"\",\"redirect\":\"user\",\"icon\":\"ep:tools\",\"perms\":\"\",\"display_order\":2,\"is_hidden\":0,\"is_cache\":0,\"is_external\":0,\"status\":1,\"children\":[{\"id\":3,\"parent_id\":1,\"menu_name\":\"用户管理\",\"menu_type\":2,\"path\":\"user\",\"component\":\"system/user/index\",\"icon\":\"ep:user\",\"perms\":\"system:user:list\",\"display_order\":1,\"is_hidden\":0,\"is_cache\":1,\"is_external\":0,\"status\":1,\"children\":[{\"id\":4,\"parent_id\":3,\"me', 1, '超级管理员', '0:0:0:0:0:0:0:1', '', 'Chrome', 'Windows', 1, NULL, 21, '2026-07-14 00:04:58');
INSERT INTO `sys_log` VALUES (38, '通知公告', 'com.platform.admin.controller.notice.SysNoticeController.page', '/notice/page', 'GET', '1,5,1,null,null,null,', '{\"code\":200,\"msg\":\"操作成功\",\"data\":{\"records\":[],\"total\":0,\"page\":1,\"page_size\":5},\"success\":true}', 1, '超级管理员', '0:0:0:0:0:0:0:1', '', 'Chrome', 'Windows', 1, NULL, 6, '2026-07-14 00:04:58');
INSERT INTO `sys_log` VALUES (39, '角色管理', 'com.platform.admin.controller.role.SysRoleController.page', '/role/page', 'GET', '1,10,null,null,', '{\"code\":200,\"msg\":\"操作成功\",\"data\":{\"records\":[{\"id\":1,\"role_name\":\"超级管理员\",\"role_code\":\"admin\",\"display_order\":1,\"status\":1,\"status_text\":\"正常\",\"remark\":\"拥有全部权限\",\"create_time\":\"2026-06-28T15:48:08\"},{\"id\":2,\"role_name\":\"普通用户\",\"role_code\":\"user\",\"display_order\":2,\"status\":1,\"status_text\":\"正常\",\"remark\":\"基础查看权限\",\"create_time\":\"2026-06-28T15:48:08\"},{\"id\":3,\"role_name\":\"运营人员\",\"role_code\":\"operator\",\"display_order\":3,\"status\":1,\"status_text\":\"正常\",\"remark\":\"运营相关权限\",\"create_time\":\"2026-06-28T15:48:08\"}],\"total\":3,\"page\":1,\"page_size\":10},\"success\":true}', 1, '超级管理员', '0:0:0:0:0:0:0:1', '', 'Chrome', 'Windows', 1, NULL, 12, '2026-07-14 00:04:58');
INSERT INTO `sys_log` VALUES (40, '定时任务', 'com.platform.admin.controller.job.SysJobController.page', '/job/page', 'GET', '1,10,null,null,', '{\"code\":200,\"msg\":\"操作成功\",\"data\":{\"records\":[{\"id\":5,\"job_name\":\"并发测试-禁止\",\"job_group\":\"TEST\",\"invoke_target\":\"ryTask.longTask()\",\"cron_expression\":\"0/2 * * * * ?\",\"misfire_policy\":0,\"misfire_policy_text\":\"不补跑\",\"concurrent\":0,\"concurrent_text\":\"禁止\",\"status\":0,\"status_text\":\"暂停\",\"remark\":\"每2秒触发执行5秒，禁止并发（预期串行跳过），测时启用\",\"create_time\":\"2026-07-13T15:35:23\",\"update_time\":\"2026-07-13T15:37:23\"},{\"id\":4,\"job_name\":\"并发测试-允许\",\"job_group\":\"TEST\",\"invoke_target\":\"ryTask.longTask()\",\"cron_expression\":\"0/2 * * * * ?\",\"misfire_policy\":0,\"misfire_policy_text\":\"不补跑\",\"concurrent\":1,\"concurrent_text\":\"允许\",\"status\":0,\"status_text\":\"暂停\",\"remark\":\"每2秒触发执行5秒，允许并发（预期多实例重叠）\",\"create_time\":\"2026-07-13T15:35:23\",\"update_time\":\"2026-07-13T15:36:29\"},{\"id\":3,\"job_name\":\"每日数据清理\",\"job_group\":\"SYSTEM\",\"invoke_target\":\"ryTask.cleanData()\",\"cron_expression\":\"0 0 3 * * ?\",\"misfire_policy\":0,\"misfire_policy_text\":\"不补跑\",\"concurrent\":0,\"concurrent_text\":\"禁止\",\"status\":0,\"status_text\":\"暂停\",\"remark\":\"每天凌晨3点执行数据清理\",\"create_time\":\"2026-07-13T13:05:19\",\"update_time\":\"2026-07-13T15:30:10\"},{\"id\":2,\"job_name\":\"系统默认（有参）\",\"job_group\":\"DEFAULT\",\"invoke_target\":\"ryTask.ryParams(\'ry\')\",\"cron_expression\":\"0/20 * * * * ?\",\"misfire_policy\":0,\"misfire_policy_text\":\"不补跑\",\"concurrent\":1,\"concurrent_text\":\"允许\",\"status\":0,\"status_text\":\"暂停\",\"remark\":\"每20秒执行一次（有参示例）\",\"create_time\":\"2026-07-13T13:05:19\",\"update_time\":\"2026-07-13T15:30:11\"},{\"id\":1,\"job_name\":\"系统默认（无参）\",\"job_group\":\"DEFAULT\",\"invoke_target\":\"ryTask.ryNoParams()\",\"cron_expression\":\"0/10 * * * * ?\",\"misfire_policy\":0,\"misfire_policy_text\":\"不补跑\",\"concurrent\":1,\"concurrent_text\":\"允许\",\"status\":0,\"status_text\":\"暂停\",\"remark\":\"每10秒执行一次（无参示例）\",\"create_time\":\"2026-07-13T13:05:19\",\"update_time\":\"2026-07-13T15:31:10\"}],\"total\":5,\"page\":1,\"page_size\":10},\"success\":true}', 1, '超级管理员', '0:0:0:0:0:0:0:1', '', 'Chrome', 'Windows', 1, NULL, 25, '2026-07-14 00:05:54');
INSERT INTO `sys_log` VALUES (41, '定时任务', 'com.platform.admin.controller.job.SysJobController.page', '/job/page', 'GET', '1,10,null,null,', '{\"code\":200,\"msg\":\"操作成功\",\"data\":{\"records\":[{\"id\":5,\"job_name\":\"并发测试-禁止\",\"job_group\":\"TEST\",\"invoke_target\":\"ryTask.longTask()\",\"cron_expression\":\"0/2 * * * * ?\",\"misfire_policy\":0,\"misfire_policy_text\":\"不补跑\",\"concurrent\":0,\"concurrent_text\":\"禁止\",\"status\":0,\"status_text\":\"暂停\",\"remark\":\"每2秒触发执行5秒，禁止并发（预期串行跳过），测时启用\",\"create_time\":\"2026-07-13T15:35:23\",\"update_time\":\"2026-07-13T15:37:23\"},{\"id\":4,\"job_name\":\"并发测试-允许\",\"job_group\":\"TEST\",\"invoke_target\":\"ryTask.longTask()\",\"cron_expression\":\"0/2 * * * * ?\",\"misfire_policy\":0,\"misfire_policy_text\":\"不补跑\",\"concurrent\":1,\"concurrent_text\":\"允许\",\"status\":0,\"status_text\":\"暂停\",\"remark\":\"每2秒触发执行5秒，允许并发（预期多实例重叠）\",\"create_time\":\"2026-07-13T15:35:23\",\"update_time\":\"2026-07-13T15:36:29\"},{\"id\":3,\"job_name\":\"每日数据清理\",\"job_group\":\"SYSTEM\",\"invoke_target\":\"ryTask.cleanData()\",\"cron_expression\":\"0 0 3 * * ?\",\"misfire_policy\":0,\"misfire_policy_text\":\"不补跑\",\"concurrent\":0,\"concurrent_text\":\"禁止\",\"status\":0,\"status_text\":\"暂停\",\"remark\":\"每天凌晨3点执行数据清理\",\"create_time\":\"2026-07-13T13:05:19\",\"update_time\":\"2026-07-13T15:30:10\"},{\"id\":2,\"job_name\":\"系统默认（有参）\",\"job_group\":\"DEFAULT\",\"invoke_target\":\"ryTask.ryParams(\'ry\')\",\"cron_expression\":\"0/20 * * * * ?\",\"misfire_policy\":0,\"misfire_policy_text\":\"不补跑\",\"concurrent\":1,\"concurrent_text\":\"允许\",\"status\":0,\"status_text\":\"暂停\",\"remark\":\"每20秒执行一次（有参示例）\",\"create_time\":\"2026-07-13T13:05:19\",\"update_time\":\"2026-07-13T15:30:11\"},{\"id\":1,\"job_name\":\"系统默认（无参）\",\"job_group\":\"DEFAULT\",\"invoke_target\":\"ryTask.ryNoParams()\",\"cron_expression\":\"0/10 * * * * ?\",\"misfire_policy\":0,\"misfire_policy_text\":\"不补跑\",\"concurrent\":1,\"concurrent_text\":\"允许\",\"status\":0,\"status_text\":\"暂停\",\"remark\":\"每10秒执行一次（无参示例）\",\"create_time\":\"2026-07-13T13:05:19\",\"update_time\":\"2026-07-13T15:31:10\"}],\"total\":5,\"page\":1,\"page_size\":10},\"success\":true}', 1, '超级管理员', '0:0:0:0:0:0:0:1', '', 'Chrome', 'Windows', 1, NULL, 10, '2026-07-14 00:05:54');
INSERT INTO `sys_log` VALUES (42, '系统配置', 'com.platform.admin.controller.sysconfig.SysConfigController.page', '/sysConfig/page', 'GET', '1,10,null,null,', '{\"code\":200,\"msg\":\"操作成功\",\"data\":{\"records\":[{\"id\":7,\"config_name\":\"万能验证码\",\"config_key\":\"sys.bypass.captcha\",\"config_value\":\"YXLB\",\"config_type\":1,\"config_type_text\":\"是\",\"remark\":\"万能验证码\",\"create_time\":\"2026-07-11T17:10:46\"},{\"id\":6,\"config_name\":\"用户登录-黑名单列表\",\"config_key\":\"sys.login.blackIPList\",\"config_value\":\"\",\"config_type\":1,\"config_type_text\":\"是\",\"remark\":\"设置登录IP黑名单限制\",\"create_time\":\"2026-07-08T16:24:50\"},{\"id\":5,\"config_name\":\"账号自助-是否开启注册\",\"config_key\":\"sys.account.registerUser\",\"config_value\":\"false\",\"config_type\":1,\"config_type_text\":\"是\",\"remark\":\"是否开启自助注册功能\",\"create_time\":\"2026-07-08T16:24:50\"},{\"id\":4,\"config_name\":\"是否开启验证码登录\",\"config_key\":\"sys.account.captchaEnabled\",\"config_value\":\"true\",\"config_type\":1,\"config_type_text\":\"是\",\"remark\":\"是否开启验证码功能\",\"create_time\":\"2026-07-08T16:24:50\"},{\"id\":3,\"config_name\":\"主框架页-侧边栏主题\",\"config_key\":\"sys.index.sideTheme\",\"config_value\":\"theme-dark\",\"config_type\":1,\"config_type_text\":\"是\",\"remark\":\"深色主题 theme-dark、浅色主题 theme-light\",\"create_time\":\"2026-07-08T16:24:50\"},{\"id\":2,\"config_name\":\"用户管理-账号初始密码\",\"config_key\":\"sys.user.initPassword\",\"config_value\":\"Abcd1234!\",\"config_type\":1,\"config_type_text\":\"是\",\"remark\":\"初始化用户密码\",\"create_time\":\"2026-07-08T16:24:50\"},{\"id\":1,\"config_name\":\"主框架页-默认皮肤样式名称\",\"config_key\":\"sys.index.skinName\",\"config_value\":\"skin-blue\",\"config_type\":1,\"config_type_text\":\"是\",\"remark\":\"蓝色 skin-blue、绿色 skin-green、紫色 skin-purple、红色 skin-red、黄色 skin-yellow\",\"create_time\":\"2026-07-08T16:24:50\"}],\"total\":7,\"page\":1,\"page_size\":10},\"success\":true}', 1, '超级管理员', '0:0:0:0:0:0:0:1', '', 'Chrome', 'Windows', 1, NULL, 8, '2026-07-14 00:05:57');
INSERT INTO `sys_log` VALUES (43, '系统配置', 'com.platform.admin.controller.sysconfig.SysConfigController.page', '/sysConfig/page', 'GET', '1,10,null,null,', '{\"code\":200,\"msg\":\"操作成功\",\"data\":{\"records\":[{\"id\":7,\"config_name\":\"万能验证码\",\"config_key\":\"sys.bypass.captcha\",\"config_value\":\"YXLB\",\"config_type\":1,\"config_type_text\":\"是\",\"remark\":\"万能验证码\",\"create_time\":\"2026-07-11T17:10:46\"},{\"id\":6,\"config_name\":\"用户登录-黑名单列表\",\"config_key\":\"sys.login.blackIPList\",\"config_value\":\"\",\"config_type\":1,\"config_type_text\":\"是\",\"remark\":\"设置登录IP黑名单限制\",\"create_time\":\"2026-07-08T16:24:50\"},{\"id\":5,\"config_name\":\"账号自助-是否开启注册\",\"config_key\":\"sys.account.registerUser\",\"config_value\":\"false\",\"config_type\":1,\"config_type_text\":\"是\",\"remark\":\"是否开启自助注册功能\",\"create_time\":\"2026-07-08T16:24:50\"},{\"id\":4,\"config_name\":\"是否开启验证码登录\",\"config_key\":\"sys.account.captchaEnabled\",\"config_value\":\"true\",\"config_type\":1,\"config_type_text\":\"是\",\"remark\":\"是否开启验证码功能\",\"create_time\":\"2026-07-08T16:24:50\"},{\"id\":3,\"config_name\":\"主框架页-侧边栏主题\",\"config_key\":\"sys.index.sideTheme\",\"config_value\":\"theme-dark\",\"config_type\":1,\"config_type_text\":\"是\",\"remark\":\"深色主题 theme-dark、浅色主题 theme-light\",\"create_time\":\"2026-07-08T16:24:50\"},{\"id\":2,\"config_name\":\"用户管理-账号初始密码\",\"config_key\":\"sys.user.initPassword\",\"config_value\":\"Abcd1234!\",\"config_type\":1,\"config_type_text\":\"是\",\"remark\":\"初始化用户密码\",\"create_time\":\"2026-07-08T16:24:50\"},{\"id\":1,\"config_name\":\"主框架页-默认皮肤样式名称\",\"config_key\":\"sys.index.skinName\",\"config_value\":\"skin-blue\",\"config_type\":1,\"config_type_text\":\"是\",\"remark\":\"蓝色 skin-blue、绿色 skin-green、紫色 skin-purple、红色 skin-red、黄色 skin-yellow\",\"create_time\":\"2026-07-08T16:24:50\"}],\"total\":7,\"page\":1,\"page_size\":10},\"success\":true}', 1, '超级管理员', '0:0:0:0:0:0:0:1', '', 'Chrome', 'Windows', 1, NULL, 9, '2026-07-14 00:05:57');
INSERT INTO `sys_log` VALUES (44, '定时任务', 'com.platform.admin.controller.job.SysJobController.page', '/job/page', 'GET', '1,10,null,null,', '{\"code\":200,\"msg\":\"操作成功\",\"data\":{\"records\":[{\"id\":5,\"job_name\":\"并发测试-禁止\",\"job_group\":\"TEST\",\"invoke_target\":\"ryTask.longTask()\",\"cron_expression\":\"0/2 * * * * ?\",\"misfire_policy\":0,\"misfire_policy_text\":\"不补跑\",\"concurrent\":0,\"concurrent_text\":\"禁止\",\"status\":0,\"status_text\":\"暂停\",\"remark\":\"每2秒触发执行5秒，禁止并发（预期串行跳过），测时启用\",\"create_time\":\"2026-07-13T15:35:23\",\"update_time\":\"2026-07-13T15:37:23\"},{\"id\":4,\"job_name\":\"并发测试-允许\",\"job_group\":\"TEST\",\"invoke_target\":\"ryTask.longTask()\",\"cron_expression\":\"0/2 * * * * ?\",\"misfire_policy\":0,\"misfire_policy_text\":\"不补跑\",\"concurrent\":1,\"concurrent_text\":\"允许\",\"status\":0,\"status_text\":\"暂停\",\"remark\":\"每2秒触发执行5秒，允许并发（预期多实例重叠）\",\"create_time\":\"2026-07-13T15:35:23\",\"update_time\":\"2026-07-13T15:36:29\"},{\"id\":3,\"job_name\":\"每日数据清理\",\"job_group\":\"SYSTEM\",\"invoke_target\":\"ryTask.cleanData()\",\"cron_expression\":\"0 0 3 * * ?\",\"misfire_policy\":0,\"misfire_policy_text\":\"不补跑\",\"concurrent\":0,\"concurrent_text\":\"禁止\",\"status\":0,\"status_text\":\"暂停\",\"remark\":\"每天凌晨3点执行数据清理\",\"create_time\":\"2026-07-13T13:05:19\",\"update_time\":\"2026-07-13T15:30:10\"},{\"id\":2,\"job_name\":\"系统默认（有参）\",\"job_group\":\"DEFAULT\",\"invoke_target\":\"ryTask.ryParams(\'ry\')\",\"cron_expression\":\"0/20 * * * * ?\",\"misfire_policy\":0,\"misfire_policy_text\":\"不补跑\",\"concurrent\":1,\"concurrent_text\":\"允许\",\"status\":0,\"status_text\":\"暂停\",\"remark\":\"每20秒执行一次（有参示例）\",\"create_time\":\"2026-07-13T13:05:19\",\"update_time\":\"2026-07-13T15:30:11\"},{\"id\":1,\"job_name\":\"系统默认（无参）\",\"job_group\":\"DEFAULT\",\"invoke_target\":\"ryTask.ryNoParams()\",\"cron_expression\":\"0/10 * * * * ?\",\"misfire_policy\":0,\"misfire_policy_text\":\"不补跑\",\"concurrent\":1,\"concurrent_text\":\"允许\",\"status\":0,\"status_text\":\"暂停\",\"remark\":\"每10秒执行一次（无参示例）\",\"create_time\":\"2026-07-13T13:05:19\",\"update_time\":\"2026-07-13T15:31:10\"}],\"total\":5,\"page\":1,\"page_size\":10},\"success\":true}', 1, '超级管理员', '0:0:0:0:0:0:0:1', '', 'Chrome', 'Windows', 1, NULL, 12, '2026-07-14 00:05:59');
INSERT INTO `sys_log` VALUES (45, '操作日志', 'com.platform.admin.controller.log.SysLogController.page', '/sysLog/page', 'GET', '1,10,null,null,', '{\"code\":200,\"msg\":\"操作成功\",\"data\":{\"records\":[{\"id\":44,\"title\":\"定时任务\",\"method\":\"com.platform.admin.controller.job.SysJobController.page\",\"request_url\":\"/job/page\",\"request_method\":\"GET\",\"request_param\":\"1,10,null,null,\",\"response_data\":\"{\\\"code\\\":200,\\\"msg\\\":\\\"操作成功\\\",\\\"data\\\":{\\\"records\\\":[{\\\"id\\\":5,\\\"job_name\\\":\\\"并发测试-禁止\\\",\\\"job_group\\\":\\\"TEST\\\",\\\"invoke_target\\\":\\\"ryTask.longTask()\\\",\\\"cron_expression\\\":\\\"0/2 * * * * ?\\\",\\\"misfire_policy\\\":0,\\\"misfire_policy_text\\\":\\\"不补跑\\\",\\\"concurrent\\\":0,\\\"concurrent_text\\\":\\\"禁止\\\",\\\"status\\\":0,\\\"status_text\\\":\\\"暂停\\\",\\\"remark\\\":\\\"每2秒触发执行5秒，禁止并发（预期串行跳过），测时启用\\\",\\\"create_time\\\":\\\"2026-07-13T15:35:23\\\",\\\"update_time\\\":\\\"2026-07-13T15:37:23\\\"},{\\\"id\\\":4,\\\"job_name\\\":\\\"并发测试-允许\\\",\\\"job_group\\\":\\\"TEST\\\",\\\"invoke_target\\\":\\\"ryTask.longTask()\\\",\\\"cron_expression\\\":\\\"0/2 * * * * ?\\\",\\\"misfire_policy\\\":0,\\\"misfire_policy_text\\\":\\\"不补跑\\\",\\\"concurrent\\\":1,\\\"concurrent_text\\\":\\\"允许\\\",\\\"status\\\":0,\\\"status_text\\\":\\\"暂停\\\",\\\"remark\\\":\\\"每2秒触发执行5秒，允许并发（预期多实例重叠）\\\",\\\"create_time\\\":\\\"2026-07-13T15:35:23\\\",\\\"update_time\\\":\\\"2026-07-13T15:36:29\\\"},{\\\"id\\\":3,\\\"job_name\\\":\\\"每日数据清理\\\",\\\"job_group\\\":\\\"SYSTEM\\\",\\\"invoke_target\\\":\\\"ryTask.cleanData()\\\",\\\"cron_expression\\\":\\\"0 0 3 * * ?\\\",\\\"misfire_policy\\\":0,\\\"misfire_policy_text\\\":\\\"不补跑\\\",\\\"concurrent\\\":0,\\\"concurrent_text\\\":\\\"禁止\\\",\\\"status\\\":0,\\\"status_text\\\":\\\"暂停\\\",\\\"remark\\\":\\\"每天凌晨3点执行数据清理\\\",\\\"create_time\\\":\\\"2026-07-13T13:05:19\\\",\\\"update_time\\\":\\\"2026-07-13T15:30:10\\\"},{\\\"id\\\":2,\\\"job_name\\\":\\\"系统默认（有参）\\\",\\\"job_group\\\":\\\"DEFAULT\\\",\\\"invoke_target\\\":\\\"ryTask.ryParams(\'ry\')\\\",\\\"cron_expression\\\":\\\"0/20 * * * * ?\\\",\\\"misfire_policy\\\":0,\\\"misfire_policy_text\\\":\\\"不补跑\\\",\\\"concurrent\\\":1,\\\"concurrent_text\\\":\\\"允许\\\",\\\"status\\\":0,\\\"status_text\\\":\\\"暂停\\\",\\\"remark\\\":\\\"每20秒执行一次（有参示例）\\\",\\\"create_time\\\":\\\"2026-07-13T13:05:19\\\",\\\"update_time\\\":\\\"2026-07-13T15:30:11\\\"},{\\\"id\\\":1,\\\"job_name\\\":\\\"系统默认（无参）\\\",\\\"job_group\\\":\\\"DEFAULT\\\",\\\"invoke_target\\\":\\\"ryTask.ryNoParams()\\\",\\\"cron_expression\\\":\\\"0/10 * * * * ?\\\",\\\"misfire_policy\\\":', 1, '超级管理员', '0:0:0:0:0:0:0:1', '', 'Chrome', 'Windows', 1, NULL, 27, '2026-07-14 00:08:17');
INSERT INTO `sys_log` VALUES (46, '操作日志', 'com.platform.admin.controller.log.SysLogController.page', '/sysLog/page', 'GET', '1,10,null,null,', '{\"code\":200,\"msg\":\"操作成功\",\"data\":{\"records\":[{\"id\":45,\"title\":\"操作日志\",\"method\":\"com.platform.admin.controller.log.SysLogController.page\",\"request_url\":\"/sysLog/page\",\"request_method\":\"GET\",\"request_param\":\"1,10,null,null,\",\"response_data\":\"{\\\"code\\\":200,\\\"msg\\\":\\\"操作成功\\\",\\\"data\\\":{\\\"records\\\":[{\\\"id\\\":44,\\\"title\\\":\\\"定时任务\\\",\\\"method\\\":\\\"com.platform.admin.controller.job.SysJobController.page\\\",\\\"request_url\\\":\\\"/job/page\\\",\\\"request_method\\\":\\\"GET\\\",\\\"request_param\\\":\\\"1,10,null,null,\\\",\\\"response_data\\\":\\\"{\\\\\\\"code\\\\\\\":200,\\\\\\\"msg\\\\\\\":\\\\\\\"操作成功\\\\\\\",\\\\\\\"data\\\\\\\":{\\\\\\\"records\\\\\\\":[{\\\\\\\"id\\\\\\\":5,\\\\\\\"job_name\\\\\\\":\\\\\\\"并发测试-禁止\\\\\\\",\\\\\\\"job_group\\\\\\\":\\\\\\\"TEST\\\\\\\",\\\\\\\"invoke_target\\\\\\\":\\\\\\\"ryTask.longTask()\\\\\\\",\\\\\\\"cron_expression\\\\\\\":\\\\\\\"0/2 * * * * ?\\\\\\\",\\\\\\\"misfire_policy\\\\\\\":0,\\\\\\\"misfire_policy_text\\\\\\\":\\\\\\\"不补跑\\\\\\\",\\\\\\\"concurrent\\\\\\\":0,\\\\\\\"concurrent_text\\\\\\\":\\\\\\\"禁止\\\\\\\",\\\\\\\"status\\\\\\\":0,\\\\\\\"status_text\\\\\\\":\\\\\\\"暂停\\\\\\\",\\\\\\\"remark\\\\\\\":\\\\\\\"每2秒触发执行5秒，禁止并发（预期串行跳过），测时启用\\\\\\\",\\\\\\\"create_time\\\\\\\":\\\\\\\"2026-07-13T15:35:23\\\\\\\",\\\\\\\"update_time\\\\\\\":\\\\\\\"2026-07-13T15:37:23\\\\\\\"},{\\\\\\\"id\\\\\\\":4,\\\\\\\"job_name\\\\\\\":\\\\\\\"并发测试-允许\\\\\\\",\\\\\\\"job_group\\\\\\\":\\\\\\\"TEST\\\\\\\",\\\\\\\"invoke_target\\\\\\\":\\\\\\\"ryTask.longTask()\\\\\\\",\\\\\\\"cron_expression\\\\\\\":\\\\\\\"0/2 * * * * ?\\\\\\\",\\\\\\\"misfire_policy\\\\\\\":0,\\\\\\\"misfire_policy_text\\\\\\\":\\\\\\\"不补跑\\\\\\\",\\\\\\\"concurrent\\\\\\\":1,\\\\\\\"concurrent_text\\\\\\\":\\\\\\\"允许\\\\\\\",\\\\\\\"status\\\\\\\":0,\\\\\\\"status_text\\\\\\\":\\\\\\\"暂停\\\\\\\",\\\\\\\"remark\\\\\\\":\\\\\\\"每2秒触发执行5秒，允许并发（预期多实例重叠）\\\\\\\",\\\\\\\"create_time\\\\\\\":\\\\\\\"2026-07-13T15:35:23\\\\\\\",\\\\\\\"update_time\\\\\\\":\\\\\\\"2026-07-13T15:36:29\\\\\\\"},{\\\\\\\"id\\\\\\\":3,\\\\\\\"job_name\\\\\\\":\\\\\\\"每日数据清理\\\\\\\",\\\\\\\"job_group\\\\\\\":\\\\\\\"SYSTEM\\\\\\\",\\\\\\\"invoke_target\\\\\\\":\\\\\\\"ryTask.cleanData()\\\\\\\",\\\\\\\"cron_expression\\\\\\\":\\\\\\\"0 0 3 * * ?\\\\\\\",\\\\\\\"misfire_policy\\\\\\\":0,\\\\\\\"misfire_policy_text\\\\\\\":\\\\\\\"不补跑\\\\\\\",\\\\\\\"concurrent\\\\\\\":0,\\\\\\\"concurrent_text\\\\\\\":\\\\\\\"禁止\\\\\\\",\\\\\\\"status\\\\\\\":0,\\\\\\\"status_text\\\\\\\":\\\\\\\"暂停\\\\\\\",\\\\\\\"remark\\\\\\\":\\\\\\\"每天凌晨3点执行数据清理\\\\\\\",\\\\\\\"create_time\\\\\\\":\\\\\\\"2026-07-13T13:05:19\\\\\\\",\\\\\\\"update_time\\\\\\\"', 1, '超级管理员', '0:0:0:0:0:0:0:1', '', 'Chrome', 'Windows', 1, NULL, 16, '2026-07-14 00:08:17');
INSERT INTO `sys_log` VALUES (47, '登录日志', 'com.platform.admin.controller.log.SysLoginLogController.page', '/sysLoginLog/page', 'GET', '1,10,null,null,null,', '{\"code\":200,\"msg\":\"操作成功\",\"data\":{\"records\":[{\"id\":2,\"user_id\":1,\"username\":\"admin\",\"login_type\":1,\"login_type_text\":\"登录\",\"login_ip\":\"0:0:0:0:0:0:0:1\",\"login_location\":\"\",\"browser\":\"Chrome\",\"os\":\"Windows\",\"status\":1,\"status_text\":\"成功\",\"login_time\":\"2026-07-13T23:52:20\"},{\"id\":1,\"user_id\":1,\"username\":\"admin\",\"login_type\":2,\"login_type_text\":\"登出\",\"login_ip\":\"0:0:0:0:0:0:0:1\",\"login_location\":\"\",\"browser\":\"Chrome\",\"os\":\"Windows\",\"status\":1,\"status_text\":\"成功\",\"login_time\":\"2026-07-13T23:52:02\"}],\"total\":2,\"page\":1,\"page_size\":10},\"success\":true}', 1, '超级管理员', '0:0:0:0:0:0:0:1', '', 'Chrome', 'Windows', 1, NULL, 9, '2026-07-14 00:08:20');
INSERT INTO `sys_log` VALUES (48, '登录日志', 'com.platform.admin.controller.log.SysLoginLogController.page', '/sysLoginLog/page', 'GET', '1,10,null,null,null,', '{\"code\":200,\"msg\":\"操作成功\",\"data\":{\"records\":[{\"id\":2,\"user_id\":1,\"username\":\"admin\",\"login_type\":1,\"login_type_text\":\"登录\",\"login_ip\":\"0:0:0:0:0:0:0:1\",\"login_location\":\"\",\"browser\":\"Chrome\",\"os\":\"Windows\",\"status\":1,\"status_text\":\"成功\",\"login_time\":\"2026-07-13T23:52:20\"},{\"id\":1,\"user_id\":1,\"username\":\"admin\",\"login_type\":2,\"login_type_text\":\"登出\",\"login_ip\":\"0:0:0:0:0:0:0:1\",\"login_location\":\"\",\"browser\":\"Chrome\",\"os\":\"Windows\",\"status\":1,\"status_text\":\"成功\",\"login_time\":\"2026-07-13T23:52:02\"}],\"total\":2,\"page\":1,\"page_size\":10},\"success\":true}', 1, '超级管理员', '0:0:0:0:0:0:0:1', '', 'Chrome', 'Windows', 1, NULL, 7, '2026-07-14 00:08:20');
INSERT INTO `sys_log` VALUES (49, '登录日志', 'com.platform.admin.controller.log.SysLoginLogController.clean', '/sysLoginLog/clean', 'POST', '', '{\"code\":200,\"msg\":\"操作成功\",\"success\":true}', 1, '超级管理员', '0:0:0:0:0:0:0:1', '', 'Chrome', 'Windows', 1, NULL, 7, '2026-07-14 00:08:25');
INSERT INTO `sys_log` VALUES (50, '登录日志', 'com.platform.admin.controller.log.SysLoginLogController.page', '/sysLoginLog/page', 'GET', '1,10,null,null,null,', '{\"code\":200,\"msg\":\"操作成功\",\"data\":{\"records\":[],\"total\":0,\"page\":1,\"page_size\":10},\"success\":true}', 1, '超级管理员', '0:0:0:0:0:0:0:1', '', 'Chrome', 'Windows', 1, NULL, 7, '2026-07-14 00:08:25');
INSERT INTO `sys_log` VALUES (51, '认证授权管理', 'com.platform.admin.controller.AuthController.logout', '/auth/logout', 'POST', '', '{\"code\":200,\"msg\":\"操作成功\",\"success\":true}', 1, '超级管理员', '0:0:0:0:0:0:0:1', '', 'Chrome', 'Windows', 1, NULL, 281, '2026-07-14 00:08:52');
INSERT INTO `sys_log` VALUES (52, '认证授权管理', 'com.platform.admin.controller.AuthController.login', '/auth/login', 'POST', '{\"username\":\"admin\",\"password\":\"Yx20011102!\",\"captcha_key\":\"1cea452b7b734f809ca350a1204eb667\",\"captcha_code\":\"mpn5\"},', NULL, 0, '', '0:0:0:0:0:0:0:1', '', 'Chrome', 'Windows', 0, '验证码已过期，请重新获取', 4, '2026-07-14 00:09:05');
INSERT INTO `sys_log` VALUES (53, '认证授权管理', 'com.platform.admin.controller.AuthController.login', '/auth/login', 'POST', '{\"username\":\"admin\",\"password\":\"Yx20011102!\",\"captcha_key\":\"1cea452b7b734f809ca350a1204eb667\",\"captcha_code\":\"mpn5\"},', '{\"code\":200,\"msg\":\"操作成功\",\"data\":\"b58ae4a3c1e94ccaa65c66e2b6394dee\",\"success\":true}', 0, '', '0:0:0:0:0:0:0:1', '', 'Chrome', 'Windows', 1, NULL, 126, '2026-07-14 00:09:05');
INSERT INTO `sys_log` VALUES (54, '用户管理', 'com.platform.admin.controller.user.SysUserController.info', '/user/info', 'GET', '', '{\"code\":200,\"msg\":\"操作成功\",\"data\":{\"user\":{\"id\":1,\"username\":\"admin\",\"nickname\":\"超级管理员\",\"avatar\":\"/avatar/admin.png\",\"gender\":0,\"birthday\":\"2001-11-02\",\"email\":\"admin@platform.com\",\"phone\":\"13800000001\",\"dept_id\":2,\"dept_name\":\"技术研发部\",\"remark\":\"系统初始管理员\",\"status\":1,\"login_ip\":\"0:0:0:0:0:0:0:1\",\"login_date\":\"2026-07-14T00:09:05\",\"create_time\":\"2026-06-28T15:48:08\"},\"roles\":[{\"id\":1,\"role_name\":\"超级管理员\",\"role_code\":\"admin\",\"status\":1,\"remark\":\"拥有全部权限\"}],\"permissions\":[\"system:user:list\",\"system:user:add\",\"system:user:edit\",\"system:user:delete\",\"system:user:editStatus\",\"system:user:changePassword\",\"system:user:assignRoles\",\"system:role:list\",\"system:role:add\",\"system:role:edit\",\"system:role:delete\",\"system:role:editStatus\",\"system:role:sort\",\"system:role:assignMenus\",\"system:menu:list\",\"system:menu:add\",\"system:menu:edit\",\"system:menu:delete\",\"system:menu:editStatus\",\"system:dept:list\",\"system:dept:add\",\"system:dept:edit\",\"system:dept:delete\",\"system:dept:editStatus\",\"system:post:list\",\"system:post:add\",\"system:post:edit\",\"system:post:delete\",\"system:dict:list\",\"system:dict:add\",\"system:dict:edit\",\"system:dict:delete\",\"system:dict:item:list\",\"system:dict:item:add\",\"system:dict:item:edit\",\"system:dict:item:delete\",\"system:notice:list\",\"system:notice:add\",\"system:notice:edit\",\"system:notice:delete\",\"system:config:list\",\"system:config:add\",\"system:config:edit\",\"system:config:delete\",\"log:operlog:list\",\"log:operlog:delete\",\"log:operlog:clean\",\"log:loginlog:list\",\"log:loginlog:delete\",\"log:loginlog:clean\"],\"menus\":[{\"id\":1,\"parent_id\":0,\"menu_name\":\"系统管理\",\"menu_type\":1,\"path\":\"system\",\"component\":\"\",\"redirect\":\"user\",\"icon\":\"ep:tools\",\"perms\":\"\",\"display_order\":2,\"is_hidden\":0,\"is_cache\":0,\"is_external\":0,\"status\":1,\"children\":[{\"id\":3,\"parent_id\":1,\"menu_name\":\"用户管理\",\"menu_type\":2,\"path\":\"user\",\"component\":\"system/user/index\",\"icon\":\"ep:user\",\"perms\":\"system:user:list\",\"display_order\":1,\"is_hidden\":0,\"is_cache\":1,\"is_external\":0,\"status\":1,\"children\":[{\"id\":4,\"parent_id\":3,\"me', 1, '超级管理员', '0:0:0:0:0:0:0:1', '', 'Chrome', 'Windows', 1, NULL, 190, '2026-07-14 00:09:05');
INSERT INTO `sys_log` VALUES (55, '通知公告', 'com.platform.admin.controller.notice.SysNoticeController.page', '/notice/page', 'GET', '1,5,1,null,null,null,', '{\"code\":200,\"msg\":\"操作成功\",\"data\":{\"records\":[],\"total\":0,\"page\":1,\"page_size\":5},\"success\":true}', 1, '超级管理员', '0:0:0:0:0:0:0:1', '', 'Chrome', 'Windows', 1, NULL, 49, '2026-07-14 00:09:05');
INSERT INTO `sys_log` VALUES (56, '登录日志', 'com.platform.admin.controller.log.SysLoginLogController.page', '/sysLoginLog/page', 'GET', '1,10,null,null,null,', '{\"code\":200,\"msg\":\"操作成功\",\"data\":{\"records\":[{\"id\":4,\"user_id\":1,\"username\":\"admin\",\"login_type\":1,\"login_type_text\":\"登录\",\"login_ip\":\"0:0:0:0:0:0:0:1\",\"login_location\":\"内网IP\",\"browser\":\"Chrome\",\"os\":\"Windows\",\"status\":1,\"status_text\":\"成功\",\"login_time\":\"2026-07-14T00:09:05\"},{\"id\":3,\"user_id\":1,\"username\":\"admin\",\"login_type\":2,\"login_type_text\":\"登出\",\"login_ip\":\"0:0:0:0:0:0:0:1\",\"login_location\":\"内网IP\",\"browser\":\"Chrome\",\"os\":\"Windows\",\"status\":1,\"status_text\":\"成功\",\"login_time\":\"2026-07-14T00:08:52\"}],\"total\":2,\"page\":1,\"page_size\":10},\"success\":true}', 1, '超级管理员', '0:0:0:0:0:0:0:1', '', 'Chrome', 'Windows', 1, NULL, 27, '2026-07-14 00:09:08');
INSERT INTO `sys_log` VALUES (57, '登录日志', 'com.platform.admin.controller.log.SysLoginLogController.page', '/sysLoginLog/page', 'GET', '1,10,null,null,null,', '{\"code\":200,\"msg\":\"操作成功\",\"data\":{\"records\":[{\"id\":4,\"user_id\":1,\"username\":\"admin\",\"login_type\":1,\"login_type_text\":\"登录\",\"login_ip\":\"0:0:0:0:0:0:0:1\",\"login_location\":\"内网IP\",\"browser\":\"Chrome\",\"os\":\"Windows\",\"status\":1,\"status_text\":\"成功\",\"login_time\":\"2026-07-14T00:09:05\"},{\"id\":3,\"user_id\":1,\"username\":\"admin\",\"login_type\":2,\"login_type_text\":\"登出\",\"login_ip\":\"0:0:0:0:0:0:0:1\",\"login_location\":\"内网IP\",\"browser\":\"Chrome\",\"os\":\"Windows\",\"status\":1,\"status_text\":\"成功\",\"login_time\":\"2026-07-14T00:08:52\"}],\"total\":2,\"page\":1,\"page_size\":10},\"success\":true}', 1, '超级管理员', '0:0:0:0:0:0:0:1', '', 'Chrome', 'Windows', 1, NULL, 11, '2026-07-14 00:09:08');
INSERT INTO `sys_log` VALUES (58, '用户管理', 'com.platform.admin.controller.user.SysUserController.info', '/user/info', 'GET', '', '{\"code\":200,\"msg\":\"操作成功\",\"data\":{\"user\":{\"id\":1,\"username\":\"admin\",\"nickname\":\"超级管理员\",\"avatar\":\"/avatar/admin.png\",\"gender\":0,\"birthday\":\"2001-11-02\",\"email\":\"admin@platform.com\",\"phone\":\"13800000001\",\"dept_id\":2,\"dept_name\":\"技术研发部\",\"remark\":\"系统初始管理员\",\"status\":1,\"login_ip\":\"0:0:0:0:0:0:0:1\",\"login_date\":\"2026-07-14T00:09:05\",\"create_time\":\"2026-06-28T15:48:08\"},\"roles\":[{\"id\":1,\"role_name\":\"超级管理员\",\"role_code\":\"admin\",\"status\":1,\"remark\":\"拥有全部权限\"}],\"permissions\":[\"system:user:list\",\"system:user:add\",\"system:user:edit\",\"system:user:delete\",\"system:user:editStatus\",\"system:user:changePassword\",\"system:user:assignRoles\",\"system:role:list\",\"system:role:add\",\"system:role:edit\",\"system:role:delete\",\"system:role:editStatus\",\"system:role:sort\",\"system:role:assignMenus\",\"system:menu:list\",\"system:menu:add\",\"system:menu:edit\",\"system:menu:delete\",\"system:menu:editStatus\",\"system:dept:list\",\"system:dept:add\",\"system:dept:edit\",\"system:dept:delete\",\"system:dept:editStatus\",\"system:post:list\",\"system:post:add\",\"system:post:edit\",\"system:post:delete\",\"system:dict:list\",\"system:dict:add\",\"system:dict:edit\",\"system:dict:delete\",\"system:dict:item:list\",\"system:dict:item:add\",\"system:dict:item:edit\",\"system:dict:item:delete\",\"system:notice:list\",\"system:notice:add\",\"system:notice:edit\",\"system:notice:delete\",\"system:config:list\",\"system:config:add\",\"system:config:edit\",\"system:config:delete\",\"log:operlog:list\",\"log:operlog:delete\",\"log:operlog:clean\",\"log:loginlog:list\",\"log:loginlog:delete\",\"log:loginlog:clean\"],\"menus\":[{\"id\":1,\"parent_id\":0,\"menu_name\":\"系统管理\",\"menu_type\":1,\"path\":\"system\",\"component\":\"\",\"redirect\":\"user\",\"icon\":\"ep:tools\",\"perms\":\"\",\"display_order\":2,\"is_hidden\":0,\"is_cache\":0,\"is_external\":0,\"status\":1,\"children\":[{\"id\":3,\"parent_id\":1,\"menu_name\":\"用户管理\",\"menu_type\":2,\"path\":\"user\",\"component\":\"system/user/index\",\"icon\":\"ep:user\",\"perms\":\"system:user:list\",\"display_order\":1,\"is_hidden\":0,\"is_cache\":1,\"is_external\":0,\"status\":1,\"children\":[{\"id\":4,\"parent_id\":3,\"me', 1, '超级管理员', '0:0:0:0:0:0:0:1', '', 'Chrome', 'Windows', 1, NULL, 18, '2026-07-14 00:13:11');
INSERT INTO `sys_log` VALUES (59, '通知公告', 'com.platform.admin.controller.notice.SysNoticeController.page', '/notice/page', 'GET', '1,5,1,null,null,null,', '{\"code\":200,\"msg\":\"操作成功\",\"data\":{\"records\":[],\"total\":0,\"page\":1,\"page_size\":5},\"success\":true}', 1, '超级管理员', '0:0:0:0:0:0:0:1', '', 'Chrome', 'Windows', 1, NULL, 9, '2026-07-14 00:13:12');
INSERT INTO `sys_log` VALUES (60, '登录日志', 'com.platform.admin.controller.log.SysLoginLogController.page', '/sysLoginLog/page', 'GET', '1,10,null,null,null,', '{\"code\":200,\"msg\":\"操作成功\",\"data\":{\"records\":[{\"id\":4,\"user_id\":1,\"username\":\"admin\",\"login_type\":1,\"login_type_text\":\"登录\",\"login_ip\":\"0:0:0:0:0:0:0:1\",\"login_location\":\"内网IP\",\"browser\":\"Chrome\",\"os\":\"Windows\",\"status\":1,\"status_text\":\"成功\",\"login_time\":\"2026-07-14T00:09:05\"},{\"id\":3,\"user_id\":1,\"username\":\"admin\",\"login_type\":2,\"login_type_text\":\"登出\",\"login_ip\":\"0:0:0:0:0:0:0:1\",\"login_location\":\"内网IP\",\"browser\":\"Chrome\",\"os\":\"Windows\",\"status\":1,\"status_text\":\"成功\",\"login_time\":\"2026-07-14T00:08:52\"}],\"total\":2,\"page\":1,\"page_size\":10},\"success\":true}', 1, '超级管理员', '0:0:0:0:0:0:0:1', '', 'Chrome', 'Windows', 1, NULL, 14, '2026-07-14 00:13:12');
INSERT INTO `sys_log` VALUES (61, '登录日志', 'com.platform.admin.controller.log.SysLoginLogController.page', '/sysLoginLog/page', 'GET', '1,10,null,null,null,', '{\"code\":200,\"msg\":\"操作成功\",\"data\":{\"records\":[{\"id\":4,\"user_id\":1,\"username\":\"admin\",\"login_type\":1,\"login_type_text\":\"登录\",\"login_ip\":\"0:0:0:0:0:0:0:1\",\"login_location\":\"内网IP\",\"browser\":\"Chrome\",\"os\":\"Windows\",\"status\":1,\"status_text\":\"成功\",\"login_time\":\"2026-07-14T00:09:05\"},{\"id\":3,\"user_id\":1,\"username\":\"admin\",\"login_type\":2,\"login_type_text\":\"登出\",\"login_ip\":\"0:0:0:0:0:0:0:1\",\"login_location\":\"内网IP\",\"browser\":\"Chrome\",\"os\":\"Windows\",\"status\":1,\"status_text\":\"成功\",\"login_time\":\"2026-07-14T00:08:52\"}],\"total\":2,\"page\":1,\"page_size\":10},\"success\":true}', 1, '超级管理员', '0:0:0:0:0:0:0:1', '', 'Chrome', 'Windows', 1, NULL, 18, '2026-07-14 00:13:12');
INSERT INTO `sys_log` VALUES (62, '用户管理', 'com.platform.admin.controller.user.SysUserController.info', '/user/info', 'GET', '', '{\"code\":200,\"msg\":\"操作成功\",\"data\":{\"user\":{\"id\":1,\"username\":\"admin\",\"nickname\":\"超级管理员\",\"avatar\":\"/avatar/admin.png\",\"gender\":0,\"birthday\":\"2001-11-02\",\"email\":\"admin@platform.com\",\"phone\":\"13800000001\",\"dept_id\":2,\"dept_name\":\"技术研发部\",\"remark\":\"系统初始管理员\",\"status\":1,\"login_ip\":\"0:0:0:0:0:0:0:1\",\"login_date\":\"2026-07-14T00:09:05\",\"create_time\":\"2026-06-28T15:48:08\"},\"roles\":[{\"id\":1,\"role_name\":\"超级管理员\",\"role_code\":\"admin\",\"status\":1,\"remark\":\"拥有全部权限\"}],\"permissions\":[\"system:user:list\",\"system:user:add\",\"system:user:edit\",\"system:user:delete\",\"system:user:editStatus\",\"system:user:changePassword\",\"system:user:assignRoles\",\"system:role:list\",\"system:role:add\",\"system:role:edit\",\"system:role:delete\",\"system:role:editStatus\",\"system:role:sort\",\"system:role:assignMenus\",\"system:menu:list\",\"system:menu:add\",\"system:menu:edit\",\"system:menu:delete\",\"system:menu:editStatus\",\"system:dept:list\",\"system:dept:add\",\"system:dept:edit\",\"system:dept:delete\",\"system:dept:editStatus\",\"system:post:list\",\"system:post:add\",\"system:post:edit\",\"system:post:delete\",\"system:dict:list\",\"system:dict:add\",\"system:dict:edit\",\"system:dict:delete\",\"system:dict:item:list\",\"system:dict:item:add\",\"system:dict:item:edit\",\"system:dict:item:delete\",\"system:notice:list\",\"system:notice:add\",\"system:notice:edit\",\"system:notice:delete\",\"system:config:list\",\"system:config:add\",\"system:config:edit\",\"system:config:delete\",\"log:operlog:list\",\"log:operlog:delete\",\"log:operlog:clean\",\"log:loginlog:list\",\"log:loginlog:delete\",\"log:loginlog:clean\"],\"menus\":[{\"id\":1,\"parent_id\":0,\"menu_name\":\"系统管理\",\"menu_type\":1,\"path\":\"system\",\"component\":\"\",\"redirect\":\"user\",\"icon\":\"ep:tools\",\"perms\":\"\",\"display_order\":2,\"is_hidden\":0,\"is_cache\":0,\"is_external\":0,\"status\":1,\"children\":[{\"id\":3,\"parent_id\":1,\"menu_name\":\"用户管理\",\"menu_type\":2,\"path\":\"user\",\"component\":\"system/user/index\",\"icon\":\"ep:user\",\"perms\":\"system:user:list\",\"display_order\":1,\"is_hidden\":0,\"is_cache\":1,\"is_external\":0,\"status\":1,\"children\":[{\"id\":4,\"parent_id\":3,\"me', 1, '超级管理员', '0:0:0:0:0:0:0:1', '', 'Chrome', 'Windows', 1, NULL, 11, '2026-07-14 00:13:13');
INSERT INTO `sys_log` VALUES (63, '通知公告', 'com.platform.admin.controller.notice.SysNoticeController.page', '/notice/page', 'GET', '1,5,1,null,null,null,', '{\"code\":200,\"msg\":\"操作成功\",\"data\":{\"records\":[],\"total\":0,\"page\":1,\"page_size\":5},\"success\":true}', 1, '超级管理员', '0:0:0:0:0:0:0:1', '', 'Chrome', 'Windows', 1, NULL, 7, '2026-07-14 00:13:14');
INSERT INTO `sys_log` VALUES (64, '登录日志', 'com.platform.admin.controller.log.SysLoginLogController.page', '/sysLoginLog/page', 'GET', '1,10,null,null,null,', '{\"code\":200,\"msg\":\"操作成功\",\"data\":{\"records\":[{\"id\":4,\"user_id\":1,\"username\":\"admin\",\"login_type\":1,\"login_type_text\":\"登录\",\"login_ip\":\"0:0:0:0:0:0:0:1\",\"login_location\":\"内网IP\",\"browser\":\"Chrome\",\"os\":\"Windows\",\"status\":1,\"status_text\":\"成功\",\"login_time\":\"2026-07-14T00:09:05\"},{\"id\":3,\"user_id\":1,\"username\":\"admin\",\"login_type\":2,\"login_type_text\":\"登出\",\"login_ip\":\"0:0:0:0:0:0:0:1\",\"login_location\":\"内网IP\",\"browser\":\"Chrome\",\"os\":\"Windows\",\"status\":1,\"status_text\":\"成功\",\"login_time\":\"2026-07-14T00:08:52\"}],\"total\":2,\"page\":1,\"page_size\":10},\"success\":true}', 1, '超级管理员', '0:0:0:0:0:0:0:1', '', 'Chrome', 'Windows', 1, NULL, 12, '2026-07-14 00:13:14');
INSERT INTO `sys_log` VALUES (65, '用户管理', 'com.platform.admin.controller.user.SysUserController.info', '/user/info', 'GET', '', '{\"code\":200,\"msg\":\"操作成功\",\"data\":{\"user\":{\"id\":1,\"username\":\"admin\",\"nickname\":\"超级管理员\",\"avatar\":\"/avatar/admin.png\",\"gender\":0,\"birthday\":\"2001-11-02\",\"email\":\"admin@platform.com\",\"phone\":\"13800000001\",\"dept_id\":2,\"dept_name\":\"技术研发部\",\"remark\":\"系统初始管理员\",\"status\":1,\"login_ip\":\"0:0:0:0:0:0:0:1\",\"login_date\":\"2026-07-14T00:09:05\",\"create_time\":\"2026-06-28T15:48:08\"},\"roles\":[{\"id\":1,\"role_name\":\"超级管理员\",\"role_code\":\"admin\",\"status\":1,\"remark\":\"拥有全部权限\"}],\"permissions\":[\"system:user:list\",\"system:user:add\",\"system:user:edit\",\"system:user:delete\",\"system:user:editStatus\",\"system:user:changePassword\",\"system:user:assignRoles\",\"system:role:list\",\"system:role:add\",\"system:role:edit\",\"system:role:delete\",\"system:role:editStatus\",\"system:role:sort\",\"system:role:assignMenus\",\"system:menu:list\",\"system:menu:add\",\"system:menu:edit\",\"system:menu:delete\",\"system:menu:editStatus\",\"system:dept:list\",\"system:dept:add\",\"system:dept:edit\",\"system:dept:delete\",\"system:dept:editStatus\",\"system:post:list\",\"system:post:add\",\"system:post:edit\",\"system:post:delete\",\"system:dict:list\",\"system:dict:add\",\"system:dict:edit\",\"system:dict:delete\",\"system:dict:item:list\",\"system:dict:item:add\",\"system:dict:item:edit\",\"system:dict:item:delete\",\"system:notice:list\",\"system:notice:add\",\"system:notice:edit\",\"system:notice:delete\",\"system:config:list\",\"system:config:add\",\"system:config:edit\",\"system:config:delete\",\"log:operlog:list\",\"log:operlog:delete\",\"log:operlog:clean\",\"log:loginlog:list\",\"log:loginlog:delete\",\"log:loginlog:clean\"],\"menus\":[{\"id\":1,\"parent_id\":0,\"menu_name\":\"系统管理\",\"menu_type\":1,\"path\":\"system\",\"component\":\"\",\"redirect\":\"user\",\"icon\":\"ep:tools\",\"perms\":\"\",\"display_order\":2,\"is_hidden\":0,\"is_cache\":0,\"is_external\":0,\"status\":1,\"children\":[{\"id\":3,\"parent_id\":1,\"menu_name\":\"用户管理\",\"menu_type\":2,\"path\":\"user\",\"component\":\"system/user/index\",\"icon\":\"ep:user\",\"perms\":\"system:user:list\",\"display_order\":1,\"is_hidden\":0,\"is_cache\":1,\"is_external\":0,\"status\":1,\"children\":[{\"id\":4,\"parent_id\":3,\"me', 1, '超级管理员', '0:0:0:0:0:0:0:1', '', 'Chrome', 'Windows', 1, NULL, 10, '2026-07-14 00:13:17');
INSERT INTO `sys_log` VALUES (66, '通知公告', 'com.platform.admin.controller.notice.SysNoticeController.page', '/notice/page', 'GET', '1,5,1,null,null,null,', '{\"code\":200,\"msg\":\"操作成功\",\"data\":{\"records\":[],\"total\":0,\"page\":1,\"page_size\":5},\"success\":true}', 1, '超级管理员', '0:0:0:0:0:0:0:1', '', 'Chrome', 'Windows', 1, NULL, 6, '2026-07-14 00:13:18');
INSERT INTO `sys_log` VALUES (67, '登录日志', 'com.platform.admin.controller.log.SysLoginLogController.page', '/sysLoginLog/page', 'GET', '1,10,null,null,null,', '{\"code\":200,\"msg\":\"操作成功\",\"data\":{\"records\":[{\"id\":4,\"user_id\":1,\"username\":\"admin\",\"login_type\":1,\"login_type_text\":\"登录\",\"login_ip\":\"0:0:0:0:0:0:0:1\",\"login_location\":\"内网IP\",\"browser\":\"Chrome\",\"os\":\"Windows\",\"status\":1,\"status_text\":\"成功\",\"login_time\":\"2026-07-14T00:09:05\"},{\"id\":3,\"user_id\":1,\"username\":\"admin\",\"login_type\":2,\"login_type_text\":\"登出\",\"login_ip\":\"0:0:0:0:0:0:0:1\",\"login_location\":\"内网IP\",\"browser\":\"Chrome\",\"os\":\"Windows\",\"status\":1,\"status_text\":\"成功\",\"login_time\":\"2026-07-14T00:08:52\"}],\"total\":2,\"page\":1,\"page_size\":10},\"success\":true}', 1, '超级管理员', '0:0:0:0:0:0:0:1', '', 'Chrome', 'Windows', 1, NULL, 9, '2026-07-14 00:13:18');
INSERT INTO `sys_log` VALUES (68, '操作日志', 'com.platform.admin.controller.log.SysLogController.page', '/sysLog/page', 'GET', '1,10,null,null,', '{\"code\":200,\"msg\":\"操作成功\",\"data\":{\"records\":[{\"id\":67,\"title\":\"登录日志\",\"method\":\"com.platform.admin.controller.log.SysLoginLogController.page\",\"request_url\":\"/sysLoginLog/page\",\"request_method\":\"GET\",\"request_param\":\"1,10,null,null,null,\",\"response_data\":\"{\\\"code\\\":200,\\\"msg\\\":\\\"操作成功\\\",\\\"data\\\":{\\\"records\\\":[{\\\"id\\\":4,\\\"user_id\\\":1,\\\"username\\\":\\\"admin\\\",\\\"login_type\\\":1,\\\"login_type_text\\\":\\\"登录\\\",\\\"login_ip\\\":\\\"0:0:0:0:0:0:0:1\\\",\\\"login_location\\\":\\\"内网IP\\\",\\\"browser\\\":\\\"Chrome\\\",\\\"os\\\":\\\"Windows\\\",\\\"status\\\":1,\\\"status_text\\\":\\\"成功\\\",\\\"login_time\\\":\\\"2026-07-14T00:09:05\\\"},{\\\"id\\\":3,\\\"user_id\\\":1,\\\"username\\\":\\\"admin\\\",\\\"login_type\\\":2,\\\"login_type_text\\\":\\\"登出\\\",\\\"login_ip\\\":\\\"0:0:0:0:0:0:0:1\\\",\\\"login_location\\\":\\\"内网IP\\\",\\\"browser\\\":\\\"Chrome\\\",\\\"os\\\":\\\"Windows\\\",\\\"status\\\":1,\\\"status_text\\\":\\\"成功\\\",\\\"login_time\\\":\\\"2026-07-14T00:08:52\\\"}],\\\"total\\\":2,\\\"page\\\":1,\\\"page_size\\\":10},\\\"success\\\":true}\",\"oper_id\":1,\"oper_name\":\"超级管理员\",\"oper_ip\":\"0:0:0:0:0:0:0:1\",\"oper_location\":\"\",\"browser\":\"Chrome\",\"os\":\"Windows\",\"status\":1,\"status_text\":\"正常\",\"cost_time\":9,\"oper_time\":\"2026-07-14T00:13:18\"},{\"id\":66,\"title\":\"通知公告\",\"method\":\"com.platform.admin.controller.notice.SysNoticeController.page\",\"request_url\":\"/notice/page\",\"request_method\":\"GET\",\"request_param\":\"1,5,1,null,null,null,\",\"response_data\":\"{\\\"code\\\":200,\\\"msg\\\":\\\"操作成功\\\",\\\"data\\\":{\\\"records\\\":[],\\\"total\\\":0,\\\"page\\\":1,\\\"page_size\\\":5},\\\"success\\\":true}\",\"oper_id\":1,\"oper_name\":\"超级管理员\",\"oper_ip\":\"0:0:0:0:0:0:0:1\",\"oper_location\":\"\",\"browser\":\"Chrome\",\"os\":\"Windows\",\"status\":1,\"status_text\":\"正常\",\"cost_time\":6,\"oper_time\":\"2026-07-14T00:13:18\"},{\"id\":65,\"title\":\"用户管理\",\"method\":\"com.platform.admin.controller.user.SysUserController.info\",\"request_url\":\"/user/info\",\"request_method\":\"GET\",\"request_param\":\"\",\"response_data\":\"{\\\"code\\\":200,\\\"msg\\\":\\\"操作成功\\\",\\\"data\\\":{\\\"user\\\":{\\\"id\\\":1,\\\"username\\\":\\\"admin\\\",\\\"nickname\\\":\\\"超级管理员\\\",\\\"avatar\\\":\\\"/avatar/admin.png\\\",\\\"gender\\\":0,\\\"birthday\\\":\\\"2001-11-02\\\",\\\"email\\\":\\\"admin@platform.c', 1, '超级管理员', '0:0:0:0:0:0:0:1', '', 'Chrome', 'Windows', 1, NULL, 36, '2026-07-14 00:14:12');
INSERT INTO `sys_log` VALUES (69, '操作日志', 'com.platform.admin.controller.log.SysLogController.page', '/sysLog/page', 'GET', '1,10,null,null,', '{\"code\":200,\"msg\":\"操作成功\",\"data\":{\"records\":[{\"id\":68,\"title\":\"操作日志\",\"method\":\"com.platform.admin.controller.log.SysLogController.page\",\"request_url\":\"/sysLog/page\",\"request_method\":\"GET\",\"request_param\":\"1,10,null,null,\",\"response_data\":\"{\\\"code\\\":200,\\\"msg\\\":\\\"操作成功\\\",\\\"data\\\":{\\\"records\\\":[{\\\"id\\\":67,\\\"title\\\":\\\"登录日志\\\",\\\"method\\\":\\\"com.platform.admin.controller.log.SysLoginLogController.page\\\",\\\"request_url\\\":\\\"/sysLoginLog/page\\\",\\\"request_method\\\":\\\"GET\\\",\\\"request_param\\\":\\\"1,10,null,null,null,\\\",\\\"response_data\\\":\\\"{\\\\\\\"code\\\\\\\":200,\\\\\\\"msg\\\\\\\":\\\\\\\"操作成功\\\\\\\",\\\\\\\"data\\\\\\\":{\\\\\\\"records\\\\\\\":[{\\\\\\\"id\\\\\\\":4,\\\\\\\"user_id\\\\\\\":1,\\\\\\\"username\\\\\\\":\\\\\\\"admin\\\\\\\",\\\\\\\"login_type\\\\\\\":1,\\\\\\\"login_type_text\\\\\\\":\\\\\\\"登录\\\\\\\",\\\\\\\"login_ip\\\\\\\":\\\\\\\"0:0:0:0:0:0:0:1\\\\\\\",\\\\\\\"login_location\\\\\\\":\\\\\\\"内网IP\\\\\\\",\\\\\\\"browser\\\\\\\":\\\\\\\"Chrome\\\\\\\",\\\\\\\"os\\\\\\\":\\\\\\\"Windows\\\\\\\",\\\\\\\"status\\\\\\\":1,\\\\\\\"status_text\\\\\\\":\\\\\\\"成功\\\\\\\",\\\\\\\"login_time\\\\\\\":\\\\\\\"2026-07-14T00:09:05\\\\\\\"},{\\\\\\\"id\\\\\\\":3,\\\\\\\"user_id\\\\\\\":1,\\\\\\\"username\\\\\\\":\\\\\\\"admin\\\\\\\",\\\\\\\"login_type\\\\\\\":2,\\\\\\\"login_type_text\\\\\\\":\\\\\\\"登出\\\\\\\",\\\\\\\"login_ip\\\\\\\":\\\\\\\"0:0:0:0:0:0:0:1\\\\\\\",\\\\\\\"login_location\\\\\\\":\\\\\\\"内网IP\\\\\\\",\\\\\\\"browser\\\\\\\":\\\\\\\"Chrome\\\\\\\",\\\\\\\"os\\\\\\\":\\\\\\\"Windows\\\\\\\",\\\\\\\"status\\\\\\\":1,\\\\\\\"status_text\\\\\\\":\\\\\\\"成功\\\\\\\",\\\\\\\"login_time\\\\\\\":\\\\\\\"2026-07-14T00:08:52\\\\\\\"}],\\\\\\\"total\\\\\\\":2,\\\\\\\"page\\\\\\\":1,\\\\\\\"page_size\\\\\\\":10},\\\\\\\"success\\\\\\\":true}\\\",\\\"oper_id\\\":1,\\\"oper_name\\\":\\\"超级管理员\\\",\\\"oper_ip\\\":\\\"0:0:0:0:0:0:0:1\\\",\\\"oper_location\\\":\\\"\\\",\\\"browser\\\":\\\"Chrome\\\",\\\"os\\\":\\\"Windows\\\",\\\"status\\\":1,\\\"status_text\\\":\\\"正常\\\",\\\"cost_time\\\":9,\\\"oper_time\\\":\\\"2026-07-14T00:13:18\\\"},{\\\"id\\\":66,\\\"title\\\":\\\"通知公告\\\",\\\"method\\\":\\\"com.platform.admin.controller.notice.SysNoticeController.page\\\",\\\"request_url\\\":\\\"/notice/page\\\",\\\"request_method\\\":\\\"GET\\\",\\\"request_param\\\":\\\"1,5,1,null,null,null,\\\",\\\"response_data\\\":\\\"{\\\\\\\"code\\\\\\\":200,\\\\\\\"msg\\\\\\\":\\\\\\\"操作成功\\\\\\\",\\\\\\\"data\\\\\\\":{\\\\\\\"records\\\\\\\":[],\\\\\\\"total\\\\\\\":0,\\\\\\\"page\\\\\\\":1,\\\\\\\"page_size\\\\\\\":5},\\\\\\\"success\\\\\\\":true}\\\",\\\"oper_id\\\":1', 1, '超级管理员', '0:0:0:0:0:0:0:1', '', 'Chrome', 'Windows', 1, NULL, 20, '2026-07-14 00:14:12');
INSERT INTO `sys_log` VALUES (70, '操作日志', 'com.platform.admin.controller.log.SysLogController.page', '/sysLog/page', 'GET', '7,10,null,null,', '{\"code\":200,\"msg\":\"操作成功\",\"data\":{\"records\":[{\"id\":9,\"title\":\"登录日志\",\"method\":\"com.platform.admin.controller.log.SysLoginLogController.page\",\"request_url\":\"/sysLoginLog/page\",\"request_method\":\"GET\",\"request_param\":\"1,10,null,null,null,\",\"response_data\":\"{\\\"code\\\":200,\\\"msg\\\":\\\"操作成功\\\",\\\"data\\\":{\\\"records\\\":[{\\\"id\\\":2,\\\"user_id\\\":1,\\\"username\\\":\\\"admin\\\",\\\"login_type\\\":1,\\\"login_type_text\\\":\\\"登录\\\",\\\"login_ip\\\":\\\"0:0:0:0:0:0:0:1\\\",\\\"login_location\\\":\\\"\\\",\\\"browser\\\":\\\"Chrome\\\",\\\"os\\\":\\\"Windows\\\",\\\"status\\\":1,\\\"status_text\\\":\\\"成功\\\",\\\"login_time\\\":\\\"2026-07-13T23:52:20\\\"},{\\\"id\\\":1,\\\"user_id\\\":1,\\\"username\\\":\\\"admin\\\",\\\"login_type\\\":2,\\\"login_type_text\\\":\\\"登出\\\",\\\"login_ip\\\":\\\"0:0:0:0:0:0:0:1\\\",\\\"login_location\\\":\\\"\\\",\\\"browser\\\":\\\"Chrome\\\",\\\"os\\\":\\\"Windows\\\",\\\"status\\\":1,\\\"status_text\\\":\\\"成功\\\",\\\"login_time\\\":\\\"2026-07-13T23:52:02\\\"}],\\\"total\\\":2,\\\"page\\\":1,\\\"page_size\\\":10},\\\"success\\\":true}\",\"oper_id\":1,\"oper_name\":\"超级管理员\",\"oper_ip\":\"0:0:0:0:0:0:0:1\",\"oper_location\":\"\",\"browser\":\"Chrome\",\"os\":\"Windows\",\"status\":1,\"status_text\":\"正常\",\"cost_time\":10,\"oper_time\":\"2026-07-13T23:52:25\"},{\"id\":8,\"title\":\"登录日志\",\"method\":\"com.platform.admin.controller.log.SysLoginLogController.page\",\"request_url\":\"/sysLoginLog/page\",\"request_method\":\"GET\",\"request_param\":\"1,10,null,null,null,\",\"response_data\":\"{\\\"code\\\":200,\\\"msg\\\":\\\"操作成功\\\",\\\"data\\\":{\\\"records\\\":[{\\\"id\\\":2,\\\"user_id\\\":1,\\\"username\\\":\\\"admin\\\",\\\"login_type\\\":1,\\\"login_type_text\\\":\\\"登录\\\",\\\"login_ip\\\":\\\"0:0:0:0:0:0:0:1\\\",\\\"login_location\\\":\\\"\\\",\\\"browser\\\":\\\"Chrome\\\",\\\"os\\\":\\\"Windows\\\",\\\"status\\\":1,\\\"status_text\\\":\\\"成功\\\",\\\"login_time\\\":\\\"2026-07-13T23:52:20\\\"},{\\\"id\\\":1,\\\"user_id\\\":1,\\\"username\\\":\\\"admin\\\",\\\"login_type\\\":2,\\\"login_type_text\\\":\\\"登出\\\",\\\"login_ip\\\":\\\"0:0:0:0:0:0:0:1\\\",\\\"login_location\\\":\\\"\\\",\\\"browser\\\":\\\"Chrome\\\",\\\"os\\\":\\\"Windows\\\",\\\"status\\\":1,\\\"status_text\\\":\\\"成功\\\",\\\"login_time\\\":\\\"2026-07-13T23:52:02\\\"}],\\\"total\\\":2,\\\"page\\\":1,\\\"page_size\\\":10},\\\"success\\\":true}\",\"oper_id\":1,\"oper_name\":\"超级管理员\",\"oper_ip\":\"0:0:0:0:0:', 1, '超级管理员', '0:0:0:0:0:0:0:1', '', 'Chrome', 'Windows', 1, NULL, 13, '2026-07-14 00:14:40');
INSERT INTO `sys_log` VALUES (71, '用户管理', 'com.platform.admin.controller.user.SysUserController.enums', '/user/enums', 'GET', '', '{\"code\":200,\"msg\":\"操作成功\",\"data\":[{\"code\":0,\"desc\":\"禁用\"},{\"code\":1,\"desc\":\"正常\"}],\"success\":true}', 1, '超级管理员', '0:0:0:0:0:0:0:1', '', 'Chrome', 'Windows', 1, NULL, 2, '2026-07-14 00:14:43');
INSERT INTO `sys_log` VALUES (72, '用户管理', 'com.platform.admin.controller.user.SysUserController.page', '/user/page', 'GET', '1,10,null,null,', '{\"code\":200,\"msg\":\"操作成功\",\"data\":{\"records\":[{\"id\":3,\"username\":\"lisi\",\"nickname\":\"李四\",\"avatar\":\"/avatar/lisi.png\",\"gender\":2,\"birthday\":\"1998-03-22\",\"email\":\"lisi@platform.com\",\"phone\":\"13800000003\",\"dept_id\":2,\"dept_name\":\"产品设计部\",\"remark\":\"产品经理\",\"status\":1,\"status_text\":\"正常\",\"login_ip\":\"192.168.1.101\",\"login_date\":\"2026-06-27T18:20:00\",\"create_time\":\"2026-06-28T15:48:08\"},{\"id\":2,\"username\":\"zhangsan\",\"nickname\":\"张三\",\"avatar\":\"/avatar/zhangsan.png\",\"gender\":1,\"birthday\":\"1995-06-15\",\"email\":\"zhangsan@platform.com\",\"phone\":\"13800000002\",\"dept_id\":1,\"dept_name\":\"技术研发部\",\"remark\":\"后端开发工程师\",\"status\":1,\"status_text\":\"正常\",\"login_ip\":\"192.168.1.100\",\"login_date\":\"2026-06-28T09:30:00\",\"create_time\":\"2026-06-28T15:48:08\"},{\"id\":1,\"username\":\"admin\",\"nickname\":\"超级管理员\",\"avatar\":\"/avatar/admin.png\",\"gender\":0,\"birthday\":\"2001-11-02\",\"email\":\"admin@platform.com\",\"phone\":\"13800000001\",\"dept_id\":2,\"dept_name\":\"技术研发部\",\"remark\":\"系统初始管理员\",\"status\":1,\"status_text\":\"正常\",\"login_ip\":\"0:0:0:0:0:0:0:1\",\"login_date\":\"2026-07-14T00:09:05\",\"create_time\":\"2026-06-28T15:48:08\"}],\"total\":3,\"page\":1,\"page_size\":10},\"success\":true}', 1, '超级管理员', '0:0:0:0:0:0:0:1', '', 'Chrome', 'Windows', 1, NULL, 14, '2026-07-14 00:14:43');
INSERT INTO `sys_log` VALUES (73, '用户管理', 'com.platform.admin.controller.user.SysUserController.page', '/user/page', 'GET', '1,10,null,null,', '{\"code\":200,\"msg\":\"操作成功\",\"data\":{\"records\":[{\"id\":3,\"username\":\"lisi\",\"nickname\":\"李四\",\"avatar\":\"/avatar/lisi.png\",\"gender\":2,\"birthday\":\"1998-03-22\",\"email\":\"lisi@platform.com\",\"phone\":\"13800000003\",\"dept_id\":2,\"dept_name\":\"产品设计部\",\"remark\":\"产品经理\",\"status\":1,\"status_text\":\"正常\",\"login_ip\":\"192.168.1.101\",\"login_date\":\"2026-06-27T18:20:00\",\"create_time\":\"2026-06-28T15:48:08\"},{\"id\":2,\"username\":\"zhangsan\",\"nickname\":\"张三\",\"avatar\":\"/avatar/zhangsan.png\",\"gender\":1,\"birthday\":\"1995-06-15\",\"email\":\"zhangsan@platform.com\",\"phone\":\"13800000002\",\"dept_id\":1,\"dept_name\":\"技术研发部\",\"remark\":\"后端开发工程师\",\"status\":1,\"status_text\":\"正常\",\"login_ip\":\"192.168.1.100\",\"login_date\":\"2026-06-28T09:30:00\",\"create_time\":\"2026-06-28T15:48:08\"},{\"id\":1,\"username\":\"admin\",\"nickname\":\"超级管理员\",\"avatar\":\"/avatar/admin.png\",\"gender\":0,\"birthday\":\"2001-11-02\",\"email\":\"admin@platform.com\",\"phone\":\"13800000001\",\"dept_id\":2,\"dept_name\":\"技术研发部\",\"remark\":\"系统初始管理员\",\"status\":1,\"status_text\":\"正常\",\"login_ip\":\"0:0:0:0:0:0:0:1\",\"login_date\":\"2026-07-14T00:09:05\",\"create_time\":\"2026-06-28T15:48:08\"}],\"total\":3,\"page\":1,\"page_size\":10},\"success\":true}', 1, '超级管理员', '0:0:0:0:0:0:0:1', '', 'Chrome', 'Windows', 1, NULL, 9, '2026-07-14 00:14:43');
INSERT INTO `sys_log` VALUES (74, '角色管理', 'com.platform.admin.controller.role.SysRoleController.page', '/role/page', 'GET', '1,10,null,null,', '{\"code\":200,\"msg\":\"操作成功\",\"data\":{\"records\":[{\"id\":1,\"role_name\":\"超级管理员\",\"role_code\":\"admin\",\"display_order\":1,\"status\":1,\"status_text\":\"正常\",\"remark\":\"拥有全部权限\",\"create_time\":\"2026-06-28T15:48:08\"},{\"id\":2,\"role_name\":\"普通用户\",\"role_code\":\"user\",\"display_order\":2,\"status\":1,\"status_text\":\"正常\",\"remark\":\"基础查看权限\",\"create_time\":\"2026-06-28T15:48:08\"},{\"id\":3,\"role_name\":\"运营人员\",\"role_code\":\"operator\",\"display_order\":3,\"status\":1,\"status_text\":\"正常\",\"remark\":\"运营相关权限\",\"create_time\":\"2026-06-28T15:48:08\"}],\"total\":3,\"page\":1,\"page_size\":10},\"success\":true}', 1, '超级管理员', '0:0:0:0:0:0:0:1', '', 'Chrome', 'Windows', 1, NULL, 14, '2026-07-14 00:14:45');
INSERT INTO `sys_log` VALUES (75, '菜单管理', 'com.platform.admin.controller.menu.SysMenuController.tree', '/menu/tree', 'GET', '', '{\"code\":200,\"msg\":\"操作成功\",\"data\":[{\"id\":1,\"parent_id\":0,\"menu_name\":\"系统管理\",\"menu_type\":1,\"path\":\"system\",\"component\":\"\",\"redirect\":\"user\",\"icon\":\"ep:tools\",\"perms\":\"\",\"display_order\":2,\"is_hidden\":0,\"is_cache\":0,\"is_external\":0,\"status\":1,\"status_text\":\"正常\",\"menu_type_text\":\"目录\",\"children\":[{\"id\":3,\"parent_id\":1,\"menu_name\":\"用户管理\",\"menu_type\":2,\"path\":\"user\",\"component\":\"system/user/index\",\"icon\":\"ep:user\",\"perms\":\"system:user:list\",\"display_order\":1,\"is_hidden\":0,\"is_cache\":1,\"is_external\":0,\"status\":1,\"status_text\":\"正常\",\"menu_type_text\":\"菜单\",\"children\":[{\"id\":4,\"parent_id\":3,\"menu_name\":\"新增用户\",\"menu_type\":3,\"path\":\"\",\"component\":\"\",\"icon\":\"\",\"perms\":\"system:user:add\",\"display_order\":1,\"is_hidden\":0,\"is_cache\":0,\"is_external\":0,\"status\":1,\"status_text\":\"正常\",\"menu_type_text\":\"按钮\",\"children\":[]},{\"id\":7,\"parent_id\":3,\"menu_name\":\"切换用户状态\",\"menu_type\":3,\"path\":\"\",\"perms\":\"system:user:editStatus\",\"display_order\":2,\"is_hidden\":0,\"is_cache\":0,\"is_external\":0,\"status\":1,\"status_text\":\"正常\",\"menu_type_text\":\"按钮\",\"children\":[]},{\"id\":6,\"parent_id\":3,\"menu_name\":\"删除用户\",\"menu_type\":3,\"path\":\"\",\"component\":\"\",\"icon\":\"\",\"perms\":\"system:user:delete\",\"display_order\":3,\"is_hidden\":0,\"is_cache\":0,\"is_external\":0,\"status\":1,\"status_text\":\"正常\",\"menu_type_text\":\"按钮\",\"children\":[]},{\"id\":5,\"parent_id\":3,\"menu_name\":\"修改用户\",\"menu_type\":3,\"path\":\"\",\"perms\":\"system:user:edit\",\"display_order\":4,\"is_hidden\":0,\"is_cache\":0,\"is_external\":0,\"status\":1,\"status_text\":\"正常\",\"menu_type_text\":\"按钮\",\"children\":[]},{\"id\":8,\"parent_id\":3,\"menu_name\":\"修改密码\",\"menu_type\":3,\"path\":\"\",\"perms\":\"system:user:changePassword\",\"display_order\":5,\"is_hidden\":0,\"is_cache\":0,\"is_external\":0,\"status\":1,\"status_text\":\"正常\",\"menu_type_text\":\"按钮\",\"children\":[]},{\"id\":9,\"parent_id\":3,\"menu_name\":\"分配角色\",\"menu_type\":3,\"path\":\"\",\"perms\":\"system:user:assignRoles\",\"display_order\":6,\"is_hidden\":0,\"is_cache\":0,\"is_external\":0,\"status\":1,\"status_text\":\"正常\",\"menu_type_text\":\"按钮\",\"children\":[]}]},{\"id\":10,\"parent_id\":1,\"menu_name\":\"角色管理\"', 1, '超级管理员', '0:0:0:0:0:0:0:1', '', 'Chrome', 'Windows', 1, NULL, 41, '2026-07-14 00:14:46');
INSERT INTO `sys_log` VALUES (76, '部门管理', 'com.platform.admin.controller.dept.SysDeptController.tree', '/dept/tree', 'GET', '', '{\"code\":200,\"msg\":\"操作成功\",\"data\":[{\"id\":1,\"parent_id\":0,\"dept_name\":\"总公司\",\"leader\":\"管理员\",\"phone\":\"13800000000\",\"email\":\"admin@platform.com\",\"display_order\":1,\"status\":1,\"status_text\":\"正常\",\"children\":[{\"id\":2,\"parent_id\":1,\"dept_name\":\"技术研发部\",\"leader\":\"张三\",\"phone\":\"13800000002\",\"email\":\"dev@platform.com\",\"display_order\":1,\"status\":1,\"status_text\":\"正常\",\"children\":[]},{\"id\":3,\"parent_id\":1,\"dept_name\":\"产品设计部\",\"leader\":\"李四\",\"phone\":\"13800000003\",\"email\":\"product@platform.com\",\"display_order\":2,\"status\":1,\"status_text\":\"正常\",\"children\":[]},{\"id\":4,\"parent_id\":1,\"dept_name\":\"运营中心\",\"leader\":\"王五\",\"phone\":\"13800000004\",\"email\":\"ops@platform.com\",\"display_order\":3,\"status\":0,\"status_text\":\"禁用\",\"children\":[]}]}],\"success\":true}', 1, '超级管理员', '0:0:0:0:0:0:0:1', '', 'Chrome', 'Windows', 1, NULL, 22, '2026-07-14 00:14:47');
INSERT INTO `sys_log` VALUES (77, '岗位管理', 'com.platform.admin.controller.post.SysPostController.page', '/post/page', 'GET', '1,10,null,null,', '{\"code\":200,\"msg\":\"操作成功\",\"data\":{\"records\":[{\"id\":5,\"post_code\":\"OPS\",\"post_name\":\"运营专员\",\"display_order\":1,\"status\":1,\"status_text\":\"正常\",\"remark\":\"日常运营\",\"create_time\":\"2026-07-08T17:17:53\"},{\"id\":4,\"post_code\":\"PM\",\"post_name\":\"产品经理\",\"display_order\":2,\"status\":1,\"status_text\":\"正常\",\"remark\":\"产品设计\",\"create_time\":\"2026-07-08T17:17:53\"},{\"id\":3,\"post_code\":\"DEV\",\"post_name\":\"开发工程师\",\"display_order\":3,\"status\":1,\"status_text\":\"正常\",\"remark\":\"研发人员\",\"create_time\":\"2026-07-08T17:17:53\"},{\"id\":2,\"post_code\":\"CTO\",\"post_name\":\"技术总监\",\"display_order\":4,\"status\":1,\"status_text\":\"正常\",\"remark\":\"技术负责人\",\"create_time\":\"2026-07-08T17:17:53\"},{\"id\":1,\"post_code\":\"CEO\",\"post_name\":\"董事长\",\"display_order\":0,\"status\":1,\"status_text\":\"正常\",\"remark\":\"最高决策者\",\"create_time\":\"2026-07-08T17:17:53\"}],\"total\":5,\"page\":1,\"page_size\":10},\"success\":true}', 1, '超级管理员', '0:0:0:0:0:0:0:1', '', 'Chrome', 'Windows', 1, NULL, 27, '2026-07-14 00:14:48');
INSERT INTO `sys_log` VALUES (78, '字典管理', 'com.platform.admin.controller.dict.SysDictController.page', '/dict/page', 'GET', '1,10,null,null,', '{\"code\":200,\"msg\":\"操作成功\",\"data\":{\"records\":[{\"id\":6,\"dict_name\":\"登录类型\",\"dict_type\":\"sys_login_type\",\"status\":1,\"status_text\":\"正常\",\"remark\":\"登录日志类型\",\"create_time\":\"2026-07-08T16:42:23\"},{\"id\":5,\"dict_name\":\"通知类型\",\"dict_type\":\"sys_notice_type\",\"status\":1,\"status_text\":\"正常\",\"remark\":\"通知公告类型\",\"create_time\":\"2026-07-08T16:42:23\"},{\"id\":4,\"dict_name\":\"操作类型\",\"dict_type\":\"sys_oper_type\",\"status\":1,\"status_text\":\"正常\",\"remark\":\"操作日志业务类型\",\"create_time\":\"2026-07-08T16:42:23\"},{\"id\":3,\"dict_name\":\"菜单类型\",\"dict_type\":\"sys_menu_type\",\"status\":1,\"status_text\":\"正常\",\"remark\":\"菜单类型（目录/菜单/按钮）\",\"create_time\":\"2026-07-08T16:42:23\"},{\"id\":2,\"dict_name\":\"状态开关\",\"dict_type\":\"sys_normal_disable\",\"status\":1,\"status_text\":\"正常\",\"remark\":\"通用状态（正常/禁用）\",\"create_time\":\"2026-07-08T16:42:23\"},{\"id\":1,\"dict_name\":\"用户性别\",\"dict_type\":\"sys_user_gender\",\"status\":1,\"status_text\":\"正常\",\"remark\":\"用户性别列表\",\"create_time\":\"2026-07-08T16:42:23\"}],\"total\":6,\"page\":1,\"page_size\":10},\"success\":true}', 1, '超级管理员', '0:0:0:0:0:0:0:1', '', 'Chrome', 'Windows', 1, NULL, 35, '2026-07-14 00:14:49');
INSERT INTO `sys_log` VALUES (79, '通知公告', 'com.platform.admin.controller.notice.SysNoticeController.page', '/notice/page', 'GET', '1,10,null,null,null,null,', '{\"code\":200,\"msg\":\"操作成功\",\"data\":{\"records\":[],\"total\":0,\"page\":1,\"page_size\":10},\"success\":true}', 1, '超级管理员', '0:0:0:0:0:0:0:1', '', 'Chrome', 'Windows', 1, NULL, 6, '2026-07-14 00:14:50');
INSERT INTO `sys_log` VALUES (80, '系统配置', 'com.platform.admin.controller.sysconfig.SysConfigController.page', '/sysConfig/page', 'GET', '1,10,null,null,', '{\"code\":200,\"msg\":\"操作成功\",\"data\":{\"records\":[{\"id\":7,\"config_name\":\"万能验证码\",\"config_key\":\"sys.bypass.captcha\",\"config_value\":\"YXLB\",\"config_type\":1,\"config_type_text\":\"是\",\"remark\":\"万能验证码\",\"create_time\":\"2026-07-11T17:10:46\"},{\"id\":6,\"config_name\":\"用户登录-黑名单列表\",\"config_key\":\"sys.login.blackIPList\",\"config_value\":\"\",\"config_type\":1,\"config_type_text\":\"是\",\"remark\":\"设置登录IP黑名单限制\",\"create_time\":\"2026-07-08T16:24:50\"},{\"id\":5,\"config_name\":\"账号自助-是否开启注册\",\"config_key\":\"sys.account.registerUser\",\"config_value\":\"false\",\"config_type\":1,\"config_type_text\":\"是\",\"remark\":\"是否开启自助注册功能\",\"create_time\":\"2026-07-08T16:24:50\"},{\"id\":4,\"config_name\":\"是否开启验证码登录\",\"config_key\":\"sys.account.captchaEnabled\",\"config_value\":\"true\",\"config_type\":1,\"config_type_text\":\"是\",\"remark\":\"是否开启验证码功能\",\"create_time\":\"2026-07-08T16:24:50\"},{\"id\":3,\"config_name\":\"主框架页-侧边栏主题\",\"config_key\":\"sys.index.sideTheme\",\"config_value\":\"theme-dark\",\"config_type\":1,\"config_type_text\":\"是\",\"remark\":\"深色主题 theme-dark、浅色主题 theme-light\",\"create_time\":\"2026-07-08T16:24:50\"},{\"id\":2,\"config_name\":\"用户管理-账号初始密码\",\"config_key\":\"sys.user.initPassword\",\"config_value\":\"Abcd1234!\",\"config_type\":1,\"config_type_text\":\"是\",\"remark\":\"初始化用户密码\",\"create_time\":\"2026-07-08T16:24:50\"},{\"id\":1,\"config_name\":\"主框架页-默认皮肤样式名称\",\"config_key\":\"sys.index.skinName\",\"config_value\":\"skin-blue\",\"config_type\":1,\"config_type_text\":\"是\",\"remark\":\"蓝色 skin-blue、绿色 skin-green、紫色 skin-purple、红色 skin-red、黄色 skin-yellow\",\"create_time\":\"2026-07-08T16:24:50\"}],\"total\":7,\"page\":1,\"page_size\":10},\"success\":true}', 1, '超级管理员', '0:0:0:0:0:0:0:1', '', 'Chrome', 'Windows', 1, NULL, 21, '2026-07-14 00:14:51');
INSERT INTO `sys_log` VALUES (81, '系统配置', 'com.platform.admin.controller.sysconfig.SysConfigController.page', '/sysConfig/page', 'GET', '1,10,null,null,', '{\"code\":200,\"msg\":\"操作成功\",\"data\":{\"records\":[{\"id\":7,\"config_name\":\"万能验证码\",\"config_key\":\"sys.bypass.captcha\",\"config_value\":\"YXLB\",\"config_type\":1,\"config_type_text\":\"是\",\"remark\":\"万能验证码\",\"create_time\":\"2026-07-11T17:10:46\"},{\"id\":6,\"config_name\":\"用户登录-黑名单列表\",\"config_key\":\"sys.login.blackIPList\",\"config_value\":\"\",\"config_type\":1,\"config_type_text\":\"是\",\"remark\":\"设置登录IP黑名单限制\",\"create_time\":\"2026-07-08T16:24:50\"},{\"id\":5,\"config_name\":\"账号自助-是否开启注册\",\"config_key\":\"sys.account.registerUser\",\"config_value\":\"false\",\"config_type\":1,\"config_type_text\":\"是\",\"remark\":\"是否开启自助注册功能\",\"create_time\":\"2026-07-08T16:24:50\"},{\"id\":4,\"config_name\":\"是否开启验证码登录\",\"config_key\":\"sys.account.captchaEnabled\",\"config_value\":\"true\",\"config_type\":1,\"config_type_text\":\"是\",\"remark\":\"是否开启验证码功能\",\"create_time\":\"2026-07-08T16:24:50\"},{\"id\":3,\"config_name\":\"主框架页-侧边栏主题\",\"config_key\":\"sys.index.sideTheme\",\"config_value\":\"theme-dark\",\"config_type\":1,\"config_type_text\":\"是\",\"remark\":\"深色主题 theme-dark、浅色主题 theme-light\",\"create_time\":\"2026-07-08T16:24:50\"},{\"id\":2,\"config_name\":\"用户管理-账号初始密码\",\"config_key\":\"sys.user.initPassword\",\"config_value\":\"Abcd1234!\",\"config_type\":1,\"config_type_text\":\"是\",\"remark\":\"初始化用户密码\",\"create_time\":\"2026-07-08T16:24:50\"},{\"id\":1,\"config_name\":\"主框架页-默认皮肤样式名称\",\"config_key\":\"sys.index.skinName\",\"config_value\":\"skin-blue\",\"config_type\":1,\"config_type_text\":\"是\",\"remark\":\"蓝色 skin-blue、绿色 skin-green、紫色 skin-purple、红色 skin-red、黄色 skin-yellow\",\"create_time\":\"2026-07-08T16:24:50\"}],\"total\":7,\"page\":1,\"page_size\":10},\"success\":true}', 1, '超级管理员', '0:0:0:0:0:0:0:1', '', 'Chrome', 'Windows', 1, NULL, 11, '2026-07-14 00:14:51');
INSERT INTO `sys_log` VALUES (82, '系统配置', 'com.platform.admin.controller.sysconfig.SysConfigController.page', '/sysConfig/page', 'GET', '1,10,null,null,', '{\"code\":200,\"msg\":\"操作成功\",\"data\":{\"records\":[{\"id\":7,\"config_name\":\"万能验证码\",\"config_key\":\"sys.bypass.captcha\",\"config_value\":\"YXLB\",\"config_type\":1,\"config_type_text\":\"是\",\"remark\":\"万能验证码\",\"create_time\":\"2026-07-11T17:10:46\"},{\"id\":6,\"config_name\":\"用户登录-黑名单列表\",\"config_key\":\"sys.login.blackIPList\",\"config_value\":\"\",\"config_type\":1,\"config_type_text\":\"是\",\"remark\":\"设置登录IP黑名单限制\",\"create_time\":\"2026-07-08T16:24:50\"},{\"id\":5,\"config_name\":\"账号自助-是否开启注册\",\"config_key\":\"sys.account.registerUser\",\"config_value\":\"false\",\"config_type\":1,\"config_type_text\":\"是\",\"remark\":\"是否开启自助注册功能\",\"create_time\":\"2026-07-08T16:24:50\"},{\"id\":4,\"config_name\":\"是否开启验证码登录\",\"config_key\":\"sys.account.captchaEnabled\",\"config_value\":\"true\",\"config_type\":1,\"config_type_text\":\"是\",\"remark\":\"是否开启验证码功能\",\"create_time\":\"2026-07-08T16:24:50\"},{\"id\":3,\"config_name\":\"主框架页-侧边栏主题\",\"config_key\":\"sys.index.sideTheme\",\"config_value\":\"theme-dark\",\"config_type\":1,\"config_type_text\":\"是\",\"remark\":\"深色主题 theme-dark、浅色主题 theme-light\",\"create_time\":\"2026-07-08T16:24:50\"},{\"id\":2,\"config_name\":\"用户管理-账号初始密码\",\"config_key\":\"sys.user.initPassword\",\"config_value\":\"Abcd1234!\",\"config_type\":1,\"config_type_text\":\"是\",\"remark\":\"初始化用户密码\",\"create_time\":\"2026-07-08T16:24:50\"},{\"id\":1,\"config_name\":\"主框架页-默认皮肤样式名称\",\"config_key\":\"sys.index.skinName\",\"config_value\":\"skin-blue\",\"config_type\":1,\"config_type_text\":\"是\",\"remark\":\"蓝色 skin-blue、绿色 skin-green、紫色 skin-purple、红色 skin-red、黄色 skin-yellow\",\"create_time\":\"2026-07-08T16:24:50\"}],\"total\":7,\"page\":1,\"page_size\":10},\"success\":true}', 1, '超级管理员', '0:0:0:0:0:0:0:1', '', 'Chrome', 'Windows', 1, NULL, 11, '2026-07-14 00:14:53');
INSERT INTO `sys_log` VALUES (83, '定时任务', 'com.platform.admin.controller.job.SysJobController.page', '/job/page', 'GET', '1,10,null,null,', '{\"code\":200,\"msg\":\"操作成功\",\"data\":{\"records\":[{\"id\":5,\"job_name\":\"并发测试-禁止\",\"job_group\":\"TEST\",\"invoke_target\":\"ryTask.longTask()\",\"cron_expression\":\"0/2 * * * * ?\",\"misfire_policy\":0,\"misfire_policy_text\":\"不补跑\",\"concurrent\":0,\"concurrent_text\":\"禁止\",\"status\":0,\"status_text\":\"暂停\",\"remark\":\"每2秒触发执行5秒，禁止并发（预期串行跳过），测时启用\",\"create_time\":\"2026-07-13T15:35:23\",\"update_time\":\"2026-07-13T15:37:23\"},{\"id\":4,\"job_name\":\"并发测试-允许\",\"job_group\":\"TEST\",\"invoke_target\":\"ryTask.longTask()\",\"cron_expression\":\"0/2 * * * * ?\",\"misfire_policy\":0,\"misfire_policy_text\":\"不补跑\",\"concurrent\":1,\"concurrent_text\":\"允许\",\"status\":0,\"status_text\":\"暂停\",\"remark\":\"每2秒触发执行5秒，允许并发（预期多实例重叠）\",\"create_time\":\"2026-07-13T15:35:23\",\"update_time\":\"2026-07-13T15:36:29\"},{\"id\":3,\"job_name\":\"每日数据清理\",\"job_group\":\"SYSTEM\",\"invoke_target\":\"ryTask.cleanData()\",\"cron_expression\":\"0 0 3 * * ?\",\"misfire_policy\":0,\"misfire_policy_text\":\"不补跑\",\"concurrent\":0,\"concurrent_text\":\"禁止\",\"status\":0,\"status_text\":\"暂停\",\"remark\":\"每天凌晨3点执行数据清理\",\"create_time\":\"2026-07-13T13:05:19\",\"update_time\":\"2026-07-13T15:30:10\"},{\"id\":2,\"job_name\":\"系统默认（有参）\",\"job_group\":\"DEFAULT\",\"invoke_target\":\"ryTask.ryParams(\'ry\')\",\"cron_expression\":\"0/20 * * * * ?\",\"misfire_policy\":0,\"misfire_policy_text\":\"不补跑\",\"concurrent\":1,\"concurrent_text\":\"允许\",\"status\":0,\"status_text\":\"暂停\",\"remark\":\"每20秒执行一次（有参示例）\",\"create_time\":\"2026-07-13T13:05:19\",\"update_time\":\"2026-07-13T15:30:11\"},{\"id\":1,\"job_name\":\"系统默认（无参）\",\"job_group\":\"DEFAULT\",\"invoke_target\":\"ryTask.ryNoParams()\",\"cron_expression\":\"0/10 * * * * ?\",\"misfire_policy\":0,\"misfire_policy_text\":\"不补跑\",\"concurrent\":1,\"concurrent_text\":\"允许\",\"status\":0,\"status_text\":\"暂停\",\"remark\":\"每10秒执行一次（无参示例）\",\"create_time\":\"2026-07-13T13:05:19\",\"update_time\":\"2026-07-13T15:31:10\"}],\"total\":5,\"page\":1,\"page_size\":10},\"success\":true}', 1, '超级管理员', '0:0:0:0:0:0:0:1', '', 'Chrome', 'Windows', 1, NULL, 26, '2026-07-14 00:14:55');
INSERT INTO `sys_log` VALUES (84, '定时任务', 'com.platform.admin.controller.job.SysJobController.page', '/job/page', 'GET', '1,10,null,null,', '{\"code\":200,\"msg\":\"操作成功\",\"data\":{\"records\":[{\"id\":5,\"job_name\":\"并发测试-禁止\",\"job_group\":\"TEST\",\"invoke_target\":\"ryTask.longTask()\",\"cron_expression\":\"0/2 * * * * ?\",\"misfire_policy\":0,\"misfire_policy_text\":\"不补跑\",\"concurrent\":0,\"concurrent_text\":\"禁止\",\"status\":0,\"status_text\":\"暂停\",\"remark\":\"每2秒触发执行5秒，禁止并发（预期串行跳过），测时启用\",\"create_time\":\"2026-07-13T15:35:23\",\"update_time\":\"2026-07-13T15:37:23\"},{\"id\":4,\"job_name\":\"并发测试-允许\",\"job_group\":\"TEST\",\"invoke_target\":\"ryTask.longTask()\",\"cron_expression\":\"0/2 * * * * ?\",\"misfire_policy\":0,\"misfire_policy_text\":\"不补跑\",\"concurrent\":1,\"concurrent_text\":\"允许\",\"status\":0,\"status_text\":\"暂停\",\"remark\":\"每2秒触发执行5秒，允许并发（预期多实例重叠）\",\"create_time\":\"2026-07-13T15:35:23\",\"update_time\":\"2026-07-13T15:36:29\"},{\"id\":3,\"job_name\":\"每日数据清理\",\"job_group\":\"SYSTEM\",\"invoke_target\":\"ryTask.cleanData()\",\"cron_expression\":\"0 0 3 * * ?\",\"misfire_policy\":0,\"misfire_policy_text\":\"不补跑\",\"concurrent\":0,\"concurrent_text\":\"禁止\",\"status\":0,\"status_text\":\"暂停\",\"remark\":\"每天凌晨3点执行数据清理\",\"create_time\":\"2026-07-13T13:05:19\",\"update_time\":\"2026-07-13T15:30:10\"},{\"id\":2,\"job_name\":\"系统默认（有参）\",\"job_group\":\"DEFAULT\",\"invoke_target\":\"ryTask.ryParams(\'ry\')\",\"cron_expression\":\"0/20 * * * * ?\",\"misfire_policy\":0,\"misfire_policy_text\":\"不补跑\",\"concurrent\":1,\"concurrent_text\":\"允许\",\"status\":0,\"status_text\":\"暂停\",\"remark\":\"每20秒执行一次（有参示例）\",\"create_time\":\"2026-07-13T13:05:19\",\"update_time\":\"2026-07-13T15:30:11\"},{\"id\":1,\"job_name\":\"系统默认（无参）\",\"job_group\":\"DEFAULT\",\"invoke_target\":\"ryTask.ryNoParams()\",\"cron_expression\":\"0/10 * * * * ?\",\"misfire_policy\":0,\"misfire_policy_text\":\"不补跑\",\"concurrent\":1,\"concurrent_text\":\"允许\",\"status\":0,\"status_text\":\"暂停\",\"remark\":\"每10秒执行一次（无参示例）\",\"create_time\":\"2026-07-13T13:05:19\",\"update_time\":\"2026-07-13T15:31:10\"}],\"total\":5,\"page\":1,\"page_size\":10},\"success\":true}', 1, '超级管理员', '0:0:0:0:0:0:0:1', '', 'Chrome', 'Windows', 1, NULL, 9, '2026-07-14 00:14:55');
INSERT INTO `sys_log` VALUES (85, '服务监控', 'com.platform.admin.controller.monitor.ServerController.server', '/monitor/server', 'GET', '', '{\"code\":200,\"msg\":\"操作成功\",\"data\":{\"cpu\":{\"cpu_num\":14,\"sys\":12.31,\"used\":12.31,\"free\":87.69},\"mem\":{\"total\":33752997888,\"used\":25509302272,\"free\":8243695616,\"usage\":75.58},\"jvm\":{\"total\":201326592,\"used\":130432640,\"max\":8438939648,\"free\":70893952,\"usage\":1.55,\"version\":\"17.0.19\",\"home\":\"D:\\\\Program Files\\\\Eclipse Adoptium\\\\jdk-17.0.19.10-hotspot\",\"start_time\":1783958919175,\"run_time\":\"0天0小时6分钟\"},\"sys\":{\"computer_name\":\"LAPTOP-KHGCQ1VG\",\"computer_ip\":\"192.168.1.196\",\"user_dir\":\"C:\\\\Users\\\\29141\\\\Desktop\\\\platform\",\"os_name\":\"Windows 11\",\"os_arch\":\"amd64\",\"os_version\":\"10.0\"},\"sys_files\":[{\"dir_name\":\"C:\\\\\",\"name\":\"本地固定磁盘 (C:)\",\"type\":\"NTFS\",\"total\":209715195904,\"used\":137017323520,\"free\":72697872384,\"total_gb\":195.31,\"used_gb\":127.61,\"free_gb\":67.71,\"usage\":65.33},{\"dir_name\":\"D:\\\\\",\"name\":\"本地固定磁盘 (D:)\",\"type\":\"NTFS\",\"total\":813012348928,\"used\":83988074496,\"free\":729024274432,\"total_gb\":757.18,\"used_gb\":78.22,\"free_gb\":678.96,\"usage\":10.33}],\"redis\":{\"version\":\"8.8.0\",\"mode\":\"standalone\",\"port\":\"6379\",\"uptime\":\"0\",\"connected_clients\":\"1\",\"used_memory\":\"1.90M\",\"max_memory\":\"0B\",\"commands_processed\":\"6538\",\"hit_rate\":\"98.96\"},\"mq\":{\"name\":\"RabbitMQ\",\"version\":\"4.2.4\",\"host\":\"192.168.244.128\",\"port\":\"5672\",\"cluster_name\":\"rabbit@rabbitmq-node1\",\"status\":\"在线\",\"queue_count\":2,\"message_count\":0,\"consumer_count\":1}},\"success\":true}', 1, '超级管理员', '0:0:0:0:0:0:0:1', '', 'Chrome', 'Windows', 1, NULL, 1771, '2026-07-14 00:14:58');
INSERT INTO `sys_log` VALUES (86, '服务监控', 'com.platform.admin.controller.monitor.ServerController.server', '/monitor/server', 'GET', '', '{\"code\":200,\"msg\":\"操作成功\",\"data\":{\"cpu\":{\"cpu_num\":14,\"sys\":17.85,\"used\":17.85,\"free\":82.15},\"mem\":{\"total\":33752997888,\"used\":25526231040,\"free\":8226766848,\"usage\":75.63},\"jvm\":{\"total\":201326592,\"used\":146890344,\"max\":8438939648,\"free\":54436248,\"usage\":1.74,\"version\":\"17.0.19\",\"home\":\"D:\\\\Program Files\\\\Eclipse Adoptium\\\\jdk-17.0.19.10-hotspot\",\"start_time\":1783958919175,\"run_time\":\"0天0小时6分钟\"},\"sys\":{\"computer_name\":\"LAPTOP-KHGCQ1VG\",\"computer_ip\":\"192.168.1.196\",\"user_dir\":\"C:\\\\Users\\\\29141\\\\Desktop\\\\platform\",\"os_name\":\"Windows 11\",\"os_arch\":\"amd64\",\"os_version\":\"10.0\"},\"sys_files\":[{\"dir_name\":\"C:\\\\\",\"name\":\"本地固定磁盘 (C:)\",\"type\":\"NTFS\",\"total\":209715195904,\"used\":137017372672,\"free\":72697823232,\"total_gb\":195.31,\"used_gb\":127.61,\"free_gb\":67.71,\"usage\":65.33},{\"dir_name\":\"D:\\\\\",\"name\":\"本地固定磁盘 (D:)\",\"type\":\"NTFS\",\"total\":813012348928,\"used\":83988074496,\"free\":729024274432,\"total_gb\":757.18,\"used_gb\":78.22,\"free_gb\":678.96,\"usage\":10.33}],\"redis\":{\"version\":\"8.8.0\",\"mode\":\"standalone\",\"port\":\"6379\",\"uptime\":\"0\",\"connected_clients\":\"1\",\"used_memory\":\"1.90M\",\"max_memory\":\"0B\",\"commands_processed\":\"6552\",\"hit_rate\":\"98.96\"},\"mq\":{\"name\":\"RabbitMQ\",\"version\":\"4.2.4\",\"host\":\"192.168.244.128\",\"port\":\"5672\",\"cluster_name\":\"rabbit@rabbitmq-node1\",\"status\":\"在线\",\"queue_count\":2,\"message_count\":0,\"consumer_count\":1}},\"success\":true}', 1, '超级管理员', '0:0:0:0:0:0:0:1', '', 'Chrome', 'Windows', 1, NULL, 1071, '2026-07-14 00:14:59');
INSERT INTO `sys_log` VALUES (87, '服务监控', 'com.platform.admin.controller.monitor.ServerController.server', '/monitor/server', 'GET', '', '{\"code\":200,\"msg\":\"操作成功\",\"data\":{\"cpu\":{\"cpu_num\":14,\"sys\":9.9,\"used\":9.9,\"free\":90.1},\"mem\":{\"total\":33752997888,\"used\":25309323264,\"free\":8443674624,\"usage\":74.98},\"jvm\":{\"total\":201326592,\"used\":149989904,\"max\":8438939648,\"free\":51336688,\"usage\":1.78,\"version\":\"17.0.19\",\"home\":\"D:\\\\Program Files\\\\Eclipse Adoptium\\\\jdk-17.0.19.10-hotspot\",\"start_time\":1783958919175,\"run_time\":\"0天0小时6分钟\"},\"sys\":{\"computer_name\":\"LAPTOP-KHGCQ1VG\",\"computer_ip\":\"192.168.1.196\",\"user_dir\":\"C:\\\\Users\\\\29141\\\\Desktop\\\\platform\",\"os_name\":\"Windows 11\",\"os_arch\":\"amd64\",\"os_version\":\"10.0\"},\"sys_files\":[{\"dir_name\":\"C:\\\\\",\"name\":\"本地固定磁盘 (C:)\",\"type\":\"NTFS\",\"total\":209715195904,\"used\":137017176064,\"free\":72698019840,\"total_gb\":195.31,\"used_gb\":127.61,\"free_gb\":67.71,\"usage\":65.33},{\"dir_name\":\"D:\\\\\",\"name\":\"本地固定磁盘 (D:)\",\"type\":\"NTFS\",\"total\":813012348928,\"used\":83988074496,\"free\":729024274432,\"total_gb\":757.18,\"used_gb\":78.22,\"free_gb\":678.96,\"usage\":10.33}],\"redis\":{\"version\":\"8.8.0\",\"mode\":\"standalone\",\"port\":\"6379\",\"uptime\":\"0\",\"connected_clients\":\"1\",\"used_memory\":\"1.90M\",\"max_memory\":\"0B\",\"commands_processed\":\"6566\",\"hit_rate\":\"98.96\"},\"mq\":{\"name\":\"RabbitMQ\",\"version\":\"4.2.4\",\"host\":\"192.168.244.128\",\"port\":\"5672\",\"cluster_name\":\"rabbit@rabbitmq-node1\",\"status\":\"在线\",\"queue_count\":2,\"message_count\":0,\"consumer_count\":1}},\"success\":true}', 1, '超级管理员', '0:0:0:0:0:0:0:1', '', 'Chrome', 'Windows', 1, NULL, 1071, '2026-07-14 00:15:07');
INSERT INTO `sys_log` VALUES (88, '服务监控', 'com.platform.admin.controller.monitor.ServerController.server', '/monitor/server', 'GET', '', '{\"code\":200,\"msg\":\"操作成功\",\"data\":{\"cpu\":{\"cpu_num\":14,\"sys\":29.51,\"used\":29.51,\"free\":70.49},\"mem\":{\"total\":33752997888,\"used\":25176780800,\"free\":8576217088,\"usage\":74.59},\"jvm\":{\"total\":201326592,\"used\":153368360,\"max\":8438939648,\"free\":47958232,\"usage\":1.82,\"version\":\"17.0.19\",\"home\":\"D:\\\\Program Files\\\\Eclipse Adoptium\\\\jdk-17.0.19.10-hotspot\",\"start_time\":1783958919175,\"run_time\":\"0天0小时6分钟\"},\"sys\":{\"computer_name\":\"LAPTOP-KHGCQ1VG\",\"computer_ip\":\"192.168.1.196\",\"user_dir\":\"C:\\\\Users\\\\29141\\\\Desktop\\\\platform\",\"os_name\":\"Windows 11\",\"os_arch\":\"amd64\",\"os_version\":\"10.0\"},\"sys_files\":[{\"dir_name\":\"C:\\\\\",\"name\":\"本地固定磁盘 (C:)\",\"type\":\"NTFS\",\"total\":209715195904,\"used\":137017106432,\"free\":72698089472,\"total_gb\":195.31,\"used_gb\":127.61,\"free_gb\":67.71,\"usage\":65.33},{\"dir_name\":\"D:\\\\\",\"name\":\"本地固定磁盘 (D:)\",\"type\":\"NTFS\",\"total\":813012348928,\"used\":83988074496,\"free\":729024274432,\"total_gb\":757.18,\"used_gb\":78.22,\"free_gb\":678.96,\"usage\":10.33}],\"redis\":{\"version\":\"8.8.0\",\"mode\":\"standalone\",\"port\":\"6379\",\"uptime\":\"0\",\"connected_clients\":\"1\",\"used_memory\":\"1.90M\",\"max_memory\":\"0B\",\"commands_processed\":\"6580\",\"hit_rate\":\"98.97\"},\"mq\":{\"name\":\"RabbitMQ\",\"version\":\"4.2.4\",\"host\":\"192.168.244.128\",\"port\":\"5672\",\"cluster_name\":\"rabbit@rabbitmq-node1\",\"status\":\"在线\",\"queue_count\":2,\"message_count\":0,\"consumer_count\":1}},\"success\":true}', 1, '超级管理员', '0:0:0:0:0:0:0:1', '', 'Chrome', 'Windows', 1, NULL, 1091, '2026-07-14 00:15:17');
INSERT INTO `sys_log` VALUES (89, '服务监控', 'com.platform.admin.controller.monitor.ServerController.server', '/monitor/server', 'GET', '', '{\"code\":200,\"msg\":\"操作成功\",\"data\":{\"cpu\":{\"cpu_num\":14,\"sys\":10.21,\"used\":10.21,\"free\":89.79},\"mem\":{\"total\":33752997888,\"used\":25218564096,\"free\":8534433792,\"usage\":74.72},\"jvm\":{\"total\":201326592,\"used\":70333160,\"max\":8438939648,\"free\":130993432,\"usage\":0.83,\"version\":\"17.0.19\",\"home\":\"D:\\\\Program Files\\\\Eclipse Adoptium\\\\jdk-17.0.19.10-hotspot\",\"start_time\":1783958919175,\"run_time\":\"0天0小时6分钟\"},\"sys\":{\"computer_name\":\"LAPTOP-KHGCQ1VG\",\"computer_ip\":\"192.168.1.196\",\"user_dir\":\"C:\\\\Users\\\\29141\\\\Desktop\\\\platform\",\"os_name\":\"Windows 11\",\"os_arch\":\"amd64\",\"os_version\":\"10.0\"},\"sys_files\":[{\"dir_name\":\"C:\\\\\",\"name\":\"本地固定磁盘 (C:)\",\"type\":\"NTFS\",\"total\":209715195904,\"used\":137017683968,\"free\":72697511936,\"total_gb\":195.31,\"used_gb\":127.61,\"free_gb\":67.7,\"usage\":65.34},{\"dir_name\":\"D:\\\\\",\"name\":\"本地固定磁盘 (D:)\",\"type\":\"NTFS\",\"total\":813012348928,\"used\":83988074496,\"free\":729024274432,\"total_gb\":757.18,\"used_gb\":78.22,\"free_gb\":678.96,\"usage\":10.33}],\"redis\":{\"version\":\"8.8.0\",\"mode\":\"standalone\",\"port\":\"6379\",\"uptime\":\"0\",\"connected_clients\":\"1\",\"used_memory\":\"1.90M\",\"max_memory\":\"0B\",\"commands_processed\":\"6594\",\"hit_rate\":\"98.97\"},\"mq\":{\"name\":\"RabbitMQ\",\"version\":\"4.2.4\",\"host\":\"192.168.244.128\",\"port\":\"5672\",\"cluster_name\":\"rabbit@rabbitmq-node1\",\"status\":\"在线\",\"queue_count\":2,\"message_count\":0,\"consumer_count\":1}},\"success\":true}', 1, '超级管理员', '0:0:0:0:0:0:0:1', '', 'Chrome', 'Windows', 1, NULL, 1057, '2026-07-14 00:15:28');
INSERT INTO `sys_log` VALUES (90, '服务监控', 'com.platform.admin.controller.monitor.ServerController.server', '/monitor/server', 'GET', '', '{\"code\":200,\"msg\":\"操作成功\",\"data\":{\"cpu\":{\"cpu_num\":14,\"sys\":12.03,\"used\":12.03,\"free\":87.97},\"mem\":{\"total\":33752997888,\"used\":25842892800,\"free\":7910105088,\"usage\":76.56},\"jvm\":{\"total\":201326592,\"used\":73576512,\"max\":8438939648,\"free\":127750080,\"usage\":0.87,\"version\":\"17.0.19\",\"home\":\"D:\\\\Program Files\\\\Eclipse Adoptium\\\\jdk-17.0.19.10-hotspot\",\"start_time\":1783958919175,\"run_time\":\"0天0小时6分钟\"},\"sys\":{\"computer_name\":\"LAPTOP-KHGCQ1VG\",\"computer_ip\":\"192.168.1.196\",\"user_dir\":\"C:\\\\Users\\\\29141\\\\Desktop\\\\platform\",\"os_name\":\"Windows 11\",\"os_arch\":\"amd64\",\"os_version\":\"10.0\"},\"sys_files\":[{\"dir_name\":\"C:\\\\\",\"name\":\"本地固定磁盘 (C:)\",\"type\":\"NTFS\",\"total\":209715195904,\"used\":137017507840,\"free\":72697688064,\"total_gb\":195.31,\"used_gb\":127.61,\"free_gb\":67.7,\"usage\":65.34},{\"dir_name\":\"D:\\\\\",\"name\":\"本地固定磁盘 (D:)\",\"type\":\"NTFS\",\"total\":813012348928,\"used\":83988074496,\"free\":729024274432,\"total_gb\":757.18,\"used_gb\":78.22,\"free_gb\":678.96,\"usage\":10.33}],\"redis\":{\"version\":\"8.8.0\",\"mode\":\"standalone\",\"port\":\"6379\",\"uptime\":\"0\",\"connected_clients\":\"1\",\"used_memory\":\"1.90M\",\"max_memory\":\"0B\",\"commands_processed\":\"6608\",\"hit_rate\":\"98.97\"},\"mq\":{\"name\":\"RabbitMQ\",\"version\":\"4.2.4\",\"host\":\"192.168.244.128\",\"port\":\"5672\",\"cluster_name\":\"rabbit@rabbitmq-node1\",\"status\":\"在线\",\"queue_count\":2,\"message_count\":0,\"consumer_count\":1}},\"success\":true}', 1, '超级管理员', '0:0:0:0:0:0:0:1', '', 'Chrome', 'Windows', 1, NULL, 1079, '2026-07-14 00:15:38');
INSERT INTO `sys_log` VALUES (91, '服务监控', 'com.platform.admin.controller.monitor.ServerController.server', '/monitor/server', 'GET', '', '{\"code\":200,\"msg\":\"操作成功\",\"data\":{\"cpu\":{\"cpu_num\":14,\"sys\":27.38,\"used\":27.38,\"free\":72.62},\"mem\":{\"total\":33752997888,\"used\":25268314112,\"free\":8484683776,\"usage\":74.86},\"jvm\":{\"total\":201326592,\"used\":77263280,\"max\":8438939648,\"free\":124063312,\"usage\":0.92,\"version\":\"17.0.19\",\"home\":\"D:\\\\Program Files\\\\Eclipse Adoptium\\\\jdk-17.0.19.10-hotspot\",\"start_time\":1783958919175,\"run_time\":\"0天0小时7分钟\"},\"sys\":{\"computer_name\":\"LAPTOP-KHGCQ1VG\",\"computer_ip\":\"192.168.1.196\",\"user_dir\":\"C:\\\\Users\\\\29141\\\\Desktop\\\\platform\",\"os_name\":\"Windows 11\",\"os_arch\":\"amd64\",\"os_version\":\"10.0\"},\"sys_files\":[{\"dir_name\":\"C:\\\\\",\"name\":\"本地固定磁盘 (C:)\",\"type\":\"NTFS\",\"total\":209715195904,\"used\":137017606144,\"free\":72697589760,\"total_gb\":195.31,\"used_gb\":127.61,\"free_gb\":67.7,\"usage\":65.34},{\"dir_name\":\"D:\\\\\",\"name\":\"本地固定磁盘 (D:)\",\"type\":\"NTFS\",\"total\":813012348928,\"used\":83988074496,\"free\":729024274432,\"total_gb\":757.18,\"used_gb\":78.22,\"free_gb\":678.96,\"usage\":10.33}],\"redis\":{\"version\":\"8.8.0\",\"mode\":\"standalone\",\"port\":\"6379\",\"uptime\":\"0\",\"connected_clients\":\"1\",\"used_memory\":\"1.90M\",\"max_memory\":\"0B\",\"commands_processed\":\"6622\",\"hit_rate\":\"98.97\"},\"mq\":{\"name\":\"RabbitMQ\",\"version\":\"4.2.4\",\"host\":\"192.168.244.128\",\"port\":\"5672\",\"cluster_name\":\"rabbit@rabbitmq-node1\",\"status\":\"在线\",\"queue_count\":2,\"message_count\":0,\"consumer_count\":1}},\"success\":true}', 1, '超级管理员', '0:0:0:0:0:0:0:1', '', 'Chrome', 'Windows', 1, NULL, 1060, '2026-07-14 00:15:48');
INSERT INTO `sys_log` VALUES (92, '服务监控', 'com.platform.admin.controller.monitor.ServerController.server', '/monitor/server', 'GET', '', '{\"code\":200,\"msg\":\"操作成功\",\"data\":{\"cpu\":{\"cpu_num\":14,\"sys\":15.73,\"used\":15.73,\"free\":84.27},\"mem\":{\"total\":33752997888,\"used\":25251577856,\"free\":8501420032,\"usage\":74.81},\"jvm\":{\"total\":201326592,\"used\":80241424,\"max\":8438939648,\"free\":121085168,\"usage\":0.95,\"version\":\"17.0.19\",\"home\":\"D:\\\\Program Files\\\\Eclipse Adoptium\\\\jdk-17.0.19.10-hotspot\",\"start_time\":1783958919175,\"run_time\":\"0天0小时7分钟\"},\"sys\":{\"computer_name\":\"LAPTOP-KHGCQ1VG\",\"computer_ip\":\"192.168.1.196\",\"user_dir\":\"C:\\\\Users\\\\29141\\\\Desktop\\\\platform\",\"os_name\":\"Windows 11\",\"os_arch\":\"amd64\",\"os_version\":\"10.0\"},\"sys_files\":[{\"dir_name\":\"C:\\\\\",\"name\":\"本地固定磁盘 (C:)\",\"type\":\"NTFS\",\"total\":209715195904,\"used\":137017675776,\"free\":72697520128,\"total_gb\":195.31,\"used_gb\":127.61,\"free_gb\":67.7,\"usage\":65.34},{\"dir_name\":\"D:\\\\\",\"name\":\"本地固定磁盘 (D:)\",\"type\":\"NTFS\",\"total\":813012348928,\"used\":83988074496,\"free\":729024274432,\"total_gb\":757.18,\"used_gb\":78.22,\"free_gb\":678.96,\"usage\":10.33}],\"redis\":{\"version\":\"8.8.0\",\"mode\":\"standalone\",\"port\":\"6379\",\"uptime\":\"0\",\"connected_clients\":\"1\",\"used_memory\":\"1.90M\",\"max_memory\":\"0B\",\"commands_processed\":\"6636\",\"hit_rate\":\"98.98\"},\"mq\":{\"name\":\"RabbitMQ\",\"version\":\"4.2.4\",\"host\":\"192.168.244.128\",\"port\":\"5672\",\"cluster_name\":\"rabbit@rabbitmq-node1\",\"status\":\"在线\",\"queue_count\":2,\"message_count\":0,\"consumer_count\":1}},\"success\":true}', 1, '超级管理员', '0:0:0:0:0:0:0:1', '', 'Chrome', 'Windows', 1, NULL, 1074, '2026-07-14 00:15:58');
INSERT INTO `sys_log` VALUES (93, '服务监控', 'com.platform.admin.controller.monitor.ServerController.server', '/monitor/server', 'GET', '', '{\"code\":200,\"msg\":\"操作成功\",\"data\":{\"cpu\":{\"cpu_num\":14,\"sys\":16.84,\"used\":16.84,\"free\":83.16},\"mem\":{\"total\":33752997888,\"used\":25191350272,\"free\":8561647616,\"usage\":74.63},\"jvm\":{\"total\":201326592,\"used\":83213424,\"max\":8438939648,\"free\":118113168,\"usage\":0.99,\"version\":\"17.0.19\",\"home\":\"D:\\\\Program Files\\\\Eclipse Adoptium\\\\jdk-17.0.19.10-hotspot\",\"start_time\":1783958919175,\"run_time\":\"0天0小时7分钟\"},\"sys\":{\"computer_name\":\"LAPTOP-KHGCQ1VG\",\"computer_ip\":\"192.168.1.196\",\"user_dir\":\"C:\\\\Users\\\\29141\\\\Desktop\\\\platform\",\"os_name\":\"Windows 11\",\"os_arch\":\"amd64\",\"os_version\":\"10.0\"},\"sys_files\":[{\"dir_name\":\"C:\\\\\",\"name\":\"本地固定磁盘 (C:)\",\"type\":\"NTFS\",\"total\":209715195904,\"used\":137017679872,\"free\":72697516032,\"total_gb\":195.31,\"used_gb\":127.61,\"free_gb\":67.7,\"usage\":65.34},{\"dir_name\":\"D:\\\\\",\"name\":\"本地固定磁盘 (D:)\",\"type\":\"NTFS\",\"total\":813012348928,\"used\":83988074496,\"free\":729024274432,\"total_gb\":757.18,\"used_gb\":78.22,\"free_gb\":678.96,\"usage\":10.33}],\"redis\":{\"version\":\"8.8.0\",\"mode\":\"standalone\",\"port\":\"6379\",\"uptime\":\"0\",\"connected_clients\":\"1\",\"used_memory\":\"1.90M\",\"max_memory\":\"0B\",\"commands_processed\":\"6650\",\"hit_rate\":\"98.98\"},\"mq\":{\"name\":\"RabbitMQ\",\"version\":\"4.2.4\",\"host\":\"192.168.244.128\",\"port\":\"5672\",\"cluster_name\":\"rabbit@rabbitmq-node1\",\"status\":\"在线\",\"queue_count\":2,\"message_count\":0,\"consumer_count\":1}},\"success\":true}', 1, '超级管理员', '0:0:0:0:0:0:0:1', '', 'Chrome', 'Windows', 1, NULL, 1059, '2026-07-14 00:16:08');
INSERT INTO `sys_log` VALUES (94, '服务监控', 'com.platform.admin.controller.monitor.ServerController.server', '/monitor/server', 'GET', '', '{\"code\":200,\"msg\":\"操作成功\",\"data\":{\"cpu\":{\"cpu_num\":14,\"sys\":20.12,\"used\":20.12,\"free\":79.88},\"mem\":{\"total\":33752997888,\"used\":25211133952,\"free\":8541863936,\"usage\":74.69},\"jvm\":{\"total\":201326592,\"used\":86278144,\"max\":8438939648,\"free\":115048448,\"usage\":1.02,\"version\":\"17.0.19\",\"home\":\"D:\\\\Program Files\\\\Eclipse Adoptium\\\\jdk-17.0.19.10-hotspot\",\"start_time\":1783958919175,\"run_time\":\"0天0小时7分钟\"},\"sys\":{\"computer_name\":\"LAPTOP-KHGCQ1VG\",\"computer_ip\":\"192.168.1.196\",\"user_dir\":\"C:\\\\Users\\\\29141\\\\Desktop\\\\platform\",\"os_name\":\"Windows 11\",\"os_arch\":\"amd64\",\"os_version\":\"10.0\"},\"sys_files\":[{\"dir_name\":\"C:\\\\\",\"name\":\"本地固定磁盘 (C:)\",\"type\":\"NTFS\",\"total\":209715195904,\"used\":137017679872,\"free\":72697516032,\"total_gb\":195.31,\"used_gb\":127.61,\"free_gb\":67.7,\"usage\":65.34},{\"dir_name\":\"D:\\\\\",\"name\":\"本地固定磁盘 (D:)\",\"type\":\"NTFS\",\"total\":813012348928,\"used\":83988074496,\"free\":729024274432,\"total_gb\":757.18,\"used_gb\":78.22,\"free_gb\":678.96,\"usage\":10.33}],\"redis\":{\"version\":\"8.8.0\",\"mode\":\"standalone\",\"port\":\"6379\",\"uptime\":\"0\",\"connected_clients\":\"1\",\"used_memory\":\"1.90M\",\"max_memory\":\"0B\",\"commands_processed\":\"6664\",\"hit_rate\":\"98.98\"},\"mq\":{\"name\":\"RabbitMQ\",\"version\":\"4.2.4\",\"host\":\"192.168.244.128\",\"port\":\"5672\",\"cluster_name\":\"rabbit@rabbitmq-node1\",\"status\":\"在线\",\"queue_count\":2,\"message_count\":0,\"consumer_count\":1}},\"success\":true}', 1, '超级管理员', '0:0:0:0:0:0:0:1', '', 'Chrome', 'Windows', 1, NULL, 1064, '2026-07-14 00:16:18');
INSERT INTO `sys_log` VALUES (95, '服务监控', 'com.platform.admin.controller.monitor.ServerController.server', '/monitor/server', 'GET', '', '{\"code\":200,\"msg\":\"操作成功\",\"data\":{\"cpu\":{\"cpu_num\":14,\"sys\":12.53,\"used\":12.53,\"free\":87.47},\"mem\":{\"total\":33752997888,\"used\":25281605632,\"free\":8471392256,\"usage\":74.9},\"jvm\":{\"total\":201326592,\"used\":89733992,\"max\":8438939648,\"free\":111592600,\"usage\":1.06,\"version\":\"17.0.19\",\"home\":\"D:\\\\Program Files\\\\Eclipse Adoptium\\\\jdk-17.0.19.10-hotspot\",\"start_time\":1783958919175,\"run_time\":\"0天0小时7分钟\"},\"sys\":{\"computer_name\":\"LAPTOP-KHGCQ1VG\",\"computer_ip\":\"192.168.1.196\",\"user_dir\":\"C:\\\\Users\\\\29141\\\\Desktop\\\\platform\",\"os_name\":\"Windows 11\",\"os_arch\":\"amd64\",\"os_version\":\"10.0\"},\"sys_files\":[{\"dir_name\":\"C:\\\\\",\"name\":\"本地固定磁盘 (C:)\",\"type\":\"NTFS\",\"total\":209715195904,\"used\":137017819136,\"free\":72697376768,\"total_gb\":195.31,\"used_gb\":127.61,\"free_gb\":67.7,\"usage\":65.34},{\"dir_name\":\"D:\\\\\",\"name\":\"本地固定磁盘 (D:)\",\"type\":\"NTFS\",\"total\":813012348928,\"used\":83988074496,\"free\":729024274432,\"total_gb\":757.18,\"used_gb\":78.22,\"free_gb\":678.96,\"usage\":10.33}],\"redis\":{\"version\":\"8.8.0\",\"mode\":\"standalone\",\"port\":\"6379\",\"uptime\":\"0\",\"connected_clients\":\"1\",\"used_memory\":\"1.90M\",\"max_memory\":\"0B\",\"commands_processed\":\"6678\",\"hit_rate\":\"98.98\"},\"mq\":{\"name\":\"RabbitMQ\",\"version\":\"4.2.4\",\"host\":\"192.168.244.128\",\"port\":\"5672\",\"cluster_name\":\"rabbit@rabbitmq-node1\",\"status\":\"在线\",\"queue_count\":2,\"message_count\":0,\"consumer_count\":1}},\"success\":true}', 1, '超级管理员', '0:0:0:0:0:0:0:1', '', 'Chrome', 'Windows', 1, NULL, 1063, '2026-07-14 00:16:35');
INSERT INTO `sys_log` VALUES (96, '服务监控', 'com.platform.admin.controller.monitor.ServerController.server', '/monitor/server', 'GET', '', '{\"code\":200,\"msg\":\"操作成功\",\"data\":{\"cpu\":{\"cpu_num\":14,\"sys\":25.85,\"used\":25.85,\"free\":74.15},\"mem\":{\"total\":33752997888,\"used\":25467711488,\"free\":8285286400,\"usage\":75.45},\"jvm\":{\"total\":201326592,\"used\":94132192,\"max\":8438939648,\"free\":107194400,\"usage\":1.12,\"version\":\"17.0.19\",\"home\":\"D:\\\\Program Files\\\\Eclipse Adoptium\\\\jdk-17.0.19.10-hotspot\",\"start_time\":1783958919175,\"run_time\":\"0天0小时8分钟\"},\"sys\":{\"computer_name\":\"LAPTOP-KHGCQ1VG\",\"computer_ip\":\"192.168.1.196\",\"user_dir\":\"C:\\\\Users\\\\29141\\\\Desktop\\\\platform\",\"os_name\":\"Windows 11\",\"os_arch\":\"amd64\",\"os_version\":\"10.0\"},\"sys_files\":[{\"dir_name\":\"C:\\\\\",\"name\":\"本地固定磁盘 (C:)\",\"type\":\"NTFS\",\"total\":209715195904,\"used\":137019600896,\"free\":72695595008,\"total_gb\":195.31,\"used_gb\":127.61,\"free_gb\":67.7,\"usage\":65.34},{\"dir_name\":\"D:\\\\\",\"name\":\"本地固定磁盘 (D:)\",\"type\":\"NTFS\",\"total\":813012348928,\"used\":83988074496,\"free\":729024274432,\"total_gb\":757.18,\"used_gb\":78.22,\"free_gb\":678.96,\"usage\":10.33}],\"redis\":{\"version\":\"8.8.0\",\"mode\":\"standalone\",\"port\":\"6379\",\"uptime\":\"0\",\"connected_clients\":\"1\",\"used_memory\":\"1.90M\",\"max_memory\":\"0B\",\"commands_processed\":\"6692\",\"hit_rate\":\"98.98\"},\"mq\":{\"name\":\"RabbitMQ\",\"version\":\"4.2.4\",\"host\":\"192.168.244.128\",\"port\":\"5672\",\"cluster_name\":\"rabbit@rabbitmq-node1\",\"status\":\"在线\",\"queue_count\":2,\"message_count\":0,\"consumer_count\":1}},\"success\":true}', 1, '超级管理员', '0:0:0:0:0:0:0:1', '', 'Chrome', 'Windows', 1, NULL, 1085, '2026-07-14 00:17:35');
INSERT INTO `sys_log` VALUES (97, '服务监控', 'com.platform.admin.controller.monitor.ServerController.server', '/monitor/server', 'GET', '', '{\"code\":200,\"msg\":\"操作成功\",\"data\":{\"cpu\":{\"cpu_num\":14,\"sys\":30.11,\"used\":30.11,\"free\":69.89},\"mem\":{\"total\":33752997888,\"used\":25292910592,\"free\":8460087296,\"usage\":74.94},\"jvm\":{\"total\":201326592,\"used\":98355640,\"max\":8438939648,\"free\":102970952,\"usage\":1.17,\"version\":\"17.0.19\",\"home\":\"D:\\\\Program Files\\\\Eclipse Adoptium\\\\jdk-17.0.19.10-hotspot\",\"start_time\":1783958919175,\"run_time\":\"0天0小时9分钟\"},\"sys\":{\"computer_name\":\"LAPTOP-KHGCQ1VG\",\"computer_ip\":\"192.168.1.196\",\"user_dir\":\"C:\\\\Users\\\\29141\\\\Desktop\\\\platform\",\"os_name\":\"Windows 11\",\"os_arch\":\"amd64\",\"os_version\":\"10.0\"},\"sys_files\":[{\"dir_name\":\"C:\\\\\",\"name\":\"本地固定磁盘 (C:)\",\"type\":\"NTFS\",\"total\":209715195904,\"used\":137023524864,\"free\":72691671040,\"total_gb\":195.31,\"used_gb\":127.61,\"free_gb\":67.7,\"usage\":65.34},{\"dir_name\":\"D:\\\\\",\"name\":\"本地固定磁盘 (D:)\",\"type\":\"NTFS\",\"total\":813012348928,\"used\":83988074496,\"free\":729024274432,\"total_gb\":757.18,\"used_gb\":78.22,\"free_gb\":678.96,\"usage\":10.33}],\"redis\":{\"version\":\"8.8.0\",\"mode\":\"standalone\",\"port\":\"6379\",\"uptime\":\"0\",\"connected_clients\":\"1\",\"used_memory\":\"1.90M\",\"max_memory\":\"0B\",\"commands_processed\":\"6706\",\"hit_rate\":\"98.99\"},\"mq\":{\"name\":\"RabbitMQ\",\"version\":\"4.2.4\",\"host\":\"192.168.244.128\",\"port\":\"5672\",\"cluster_name\":\"rabbit@rabbitmq-node1\",\"status\":\"在线\",\"queue_count\":2,\"message_count\":0,\"consumer_count\":1}},\"success\":true}', 1, '超级管理员', '0:0:0:0:0:0:0:1', '', 'Chrome', 'Windows', 1, NULL, 1099, '2026-07-14 00:18:35');

-- ----------------------------
-- Table structure for sys_login_log
-- ----------------------------
DROP TABLE IF EXISTS `sys_login_log`;
CREATE TABLE `sys_login_log`  (
  `id` bigint NOT NULL AUTO_INCREMENT,
  `user_id` bigint NOT NULL DEFAULT 0 COMMENT '用户ID',
  `username` varchar(64) CHARACTER SET utf8mb4 COLLATE utf8mb4_0900_ai_ci NOT NULL DEFAULT '' COMMENT '用户名',
  `login_type` tinyint NOT NULL DEFAULT 1 COMMENT '登录类型（1登录 2登出 3踢下线）',
  `login_ip` varchar(128) CHARACTER SET utf8mb4 COLLATE utf8mb4_0900_ai_ci NOT NULL DEFAULT '' COMMENT '登录IP',
  `login_location` varchar(255) CHARACTER SET utf8mb4 COLLATE utf8mb4_0900_ai_ci NOT NULL DEFAULT '' COMMENT '登录地点（IP归属地）',
  `browser` varchar(64) CHARACTER SET utf8mb4 COLLATE utf8mb4_0900_ai_ci NOT NULL DEFAULT '' COMMENT '浏览器类型',
  `os` varchar(64) CHARACTER SET utf8mb4 COLLATE utf8mb4_0900_ai_ci NOT NULL DEFAULT '' COMMENT '操作系统',
  `status` tinyint NOT NULL DEFAULT 1 COMMENT '登录状态（1成功 0失败）',
  `error_msg` varchar(255) CHARACTER SET utf8mb4 COLLATE utf8mb4_0900_ai_ci NULL DEFAULT NULL COMMENT '错误消息（登录失败时记录）',
  `login_time` datetime NULL DEFAULT CURRENT_TIMESTAMP COMMENT '登录时间',
  PRIMARY KEY (`id`) USING BTREE,
  INDEX `idx_user_id`(`user_id` ASC) USING BTREE,
  INDEX `idx_login_time`(`login_time` ASC) USING BTREE
) ENGINE = InnoDB AUTO_INCREMENT = 5 CHARACTER SET = utf8mb4 COLLATE = utf8mb4_0900_ai_ci COMMENT = '登录日志表' ROW_FORMAT = Dynamic;

-- ----------------------------
-- Records of sys_login_log
-- ----------------------------
INSERT INTO `sys_login_log` VALUES (3, 1, 'admin', 2, '0:0:0:0:0:0:0:1', '内网IP', 'Chrome', 'Windows', 1, NULL, '2026-07-14 00:08:52');
INSERT INTO `sys_login_log` VALUES (4, 1, 'admin', 1, '0:0:0:0:0:0:0:1', '内网IP', 'Chrome', 'Windows', 1, NULL, '2026-07-14 00:09:05');

-- ----------------------------
-- Table structure for sys_menu
-- ----------------------------
DROP TABLE IF EXISTS `sys_menu`;
CREATE TABLE `sys_menu`  (
  `id` bigint NOT NULL AUTO_INCREMENT,
  `parent_id` bigint NOT NULL DEFAULT 0 COMMENT '父菜单ID（0=顶级）',
  `menu_name` varchar(64) CHARACTER SET utf8mb4 COLLATE utf8mb4_0900_ai_ci NOT NULL COMMENT '菜单名称（显示在侧边栏）',
  `menu_type` tinyint NOT NULL COMMENT '类型（1目录 2菜单 3按钮）',
  `path` varchar(255) CHARACTER SET utf8mb4 COLLATE utf8mb4_0900_ai_ci NOT NULL COMMENT '路由路径（Vue Router path）',
  `component` varchar(255) CHARACTER SET utf8mb4 COLLATE utf8mb4_0900_ai_ci NULL DEFAULT NULL COMMENT '组件路径（Vue component，如 system/user/index）',
  `redirect` varchar(255) CHARACTER SET utf8mb4 COLLATE utf8mb4_0900_ai_ci NULL DEFAULT NULL COMMENT '重定向路径',
  `icon` varchar(64) CHARACTER SET utf8mb4 COLLATE utf8mb4_0900_ai_ci NULL DEFAULT NULL COMMENT '菜单图标',
  `perms` varchar(128) CHARACTER SET utf8mb4 COLLATE utf8mb4_0900_ai_ci NULL DEFAULT NULL COMMENT '权限标识（如 system:user:list）',
  `display_order` int NOT NULL DEFAULT 0 COMMENT '排序（升序）',
  `is_hidden` tinyint NOT NULL DEFAULT 0 COMMENT '是否隐藏（0显示 1隐藏）',
  `is_cache` tinyint NOT NULL DEFAULT 0 COMMENT '是否缓存（1缓存 0不缓存）',
  `is_external` tinyint NOT NULL DEFAULT 0 COMMENT '是否外链（1是 0否）',
  `status` tinyint NOT NULL DEFAULT 1 COMMENT '状态（1正常 0禁用）',
  `is_delete` tinyint NOT NULL DEFAULT 0 COMMENT '逻辑删除（0未删除 1已删除）',
  `create_by` bigint NOT NULL DEFAULT 0 COMMENT '创建人（0=系统操作）',
  `create_time` datetime NULL DEFAULT CURRENT_TIMESTAMP COMMENT '创建时间',
  `update_by` bigint NOT NULL DEFAULT 0 COMMENT '更新人（0=系统操作）',
  `update_time` datetime NULL DEFAULT CURRENT_TIMESTAMP ON UPDATE CURRENT_TIMESTAMP COMMENT '更新时间',
  PRIMARY KEY (`id`) USING BTREE,
  INDEX `idx_parent_id`(`parent_id` ASC) USING BTREE,
  INDEX `idx_status`(`status` ASC) USING BTREE
) ENGINE = InnoDB AUTO_INCREMENT = 55 CHARACTER SET = utf8mb4 COLLATE = utf8mb4_0900_ai_ci COMMENT = '菜单权限表（兼容Vue动态路由）' ROW_FORMAT = Dynamic;

-- ----------------------------
-- Records of sys_menu
-- ----------------------------
INSERT INTO `sys_menu` VALUES (1, 0, '系统管理', 1, 'system', '', 'user', 'ep:tools', '', 2, 0, 0, 0, 1, 0, 0, '2026-07-10 09:30:36', 1, '2026-07-12 20:43:01');
INSERT INTO `sys_menu` VALUES (2, 0, '系统日志', 1, 'log', '', 'operlog', 'ep:collection-tag', '', 3, 0, 0, 0, 1, 0, 0, '2026-07-10 09:30:36', 1, '2026-07-12 20:43:01');
INSERT INTO `sys_menu` VALUES (3, 1, '用户管理', 2, 'user', 'system/user/index', NULL, 'ep:user', 'system:user:list', 1, 0, 1, 0, 1, 0, 0, '2026-07-10 09:30:36', 1, '2026-07-13 21:40:33');
INSERT INTO `sys_menu` VALUES (4, 3, '新增用户', 3, '', '', NULL, '', 'system:user:add', 1, 0, 0, 0, 1, 0, 0, '2026-07-10 09:30:36', 1, '2026-07-12 20:42:47');
INSERT INTO `sys_menu` VALUES (5, 3, '修改用户', 3, '', NULL, NULL, NULL, 'system:user:edit', 4, 0, 0, 0, 1, 0, 0, '2026-07-10 09:30:36', 1, '2026-07-12 20:42:47');
INSERT INTO `sys_menu` VALUES (6, 3, '删除用户', 3, '', '', NULL, '', 'system:user:delete', 3, 0, 0, 0, 1, 0, 0, '2026-07-10 09:30:36', 1, '2026-07-12 20:42:47');
INSERT INTO `sys_menu` VALUES (7, 3, '切换用户状态', 3, '', NULL, NULL, NULL, 'system:user:editStatus', 2, 0, 0, 0, 1, 0, 0, '2026-07-10 09:30:36', 1, '2026-07-12 20:42:47');
INSERT INTO `sys_menu` VALUES (8, 3, '修改密码', 3, '', NULL, NULL, NULL, 'system:user:changePassword', 5, 0, 0, 0, 1, 0, 0, '2026-07-10 09:30:36', 1, '2026-07-12 20:42:47');
INSERT INTO `sys_menu` VALUES (9, 3, '分配角色', 3, '', NULL, NULL, NULL, 'system:user:assignRoles', 6, 0, 0, 0, 1, 0, 0, '2026-07-10 09:30:36', 1, '2026-07-12 20:42:47');
INSERT INTO `sys_menu` VALUES (10, 1, '角色管理', 2, 'role', 'system/role/index', NULL, 'ep:key', 'system:role:list', 2, 0, 1, 0, 1, 0, 0, '2026-07-10 09:30:36', 1, '2026-07-13 21:40:33');
INSERT INTO `sys_menu` VALUES (11, 10, '新增角色', 3, '', NULL, NULL, NULL, 'system:role:add', 1, 0, 0, 0, 1, 0, 0, '2026-07-10 09:30:36', 0, '2026-07-10 09:30:36');
INSERT INTO `sys_menu` VALUES (12, 10, '修改角色', 3, '', NULL, NULL, NULL, 'system:role:edit', 2, 0, 0, 0, 1, 0, 0, '2026-07-10 09:30:36', 0, '2026-07-10 09:30:36');
INSERT INTO `sys_menu` VALUES (13, 10, '删除角色', 3, '', NULL, NULL, NULL, 'system:role:delete', 3, 0, 0, 0, 1, 0, 0, '2026-07-10 09:30:36', 0, '2026-07-10 09:30:36');
INSERT INTO `sys_menu` VALUES (14, 10, '切换角色状态', 3, '', NULL, NULL, NULL, 'system:role:editStatus', 4, 0, 0, 0, 1, 0, 0, '2026-07-10 09:30:36', 0, '2026-07-10 09:30:36');
INSERT INTO `sys_menu` VALUES (15, 10, '角色排序', 3, '', NULL, NULL, NULL, 'system:role:sort', 5, 0, 0, 0, 1, 0, 0, '2026-07-10 09:30:36', 0, '2026-07-10 09:30:36');
INSERT INTO `sys_menu` VALUES (16, 10, '分配菜单', 3, '', NULL, NULL, NULL, 'system:role:assignMenus', 6, 0, 0, 0, 1, 0, 0, '2026-07-10 09:30:36', 0, '2026-07-10 09:30:36');
INSERT INTO `sys_menu` VALUES (17, 1, '菜单管理', 2, 'menu', 'system/menu/index', NULL, 'ep:menu', 'system:menu:list', 3, 0, 1, 0, 1, 0, 0, '2026-07-10 09:30:36', 1, '2026-07-13 21:40:33');
INSERT INTO `sys_menu` VALUES (18, 17, '新增菜单', 3, '', NULL, NULL, NULL, 'system:menu:add', 1, 0, 0, 0, 1, 0, 0, '2026-07-10 09:30:36', 0, '2026-07-10 09:30:36');
INSERT INTO `sys_menu` VALUES (19, 17, '修改菜单', 3, '', NULL, NULL, NULL, 'system:menu:edit', 2, 0, 0, 0, 1, 0, 0, '2026-07-10 09:30:36', 0, '2026-07-10 09:30:36');
INSERT INTO `sys_menu` VALUES (20, 17, '删除菜单', 3, '', NULL, NULL, NULL, 'system:menu:delete', 3, 0, 0, 0, 1, 0, 0, '2026-07-10 09:30:36', 0, '2026-07-10 09:30:36');
INSERT INTO `sys_menu` VALUES (21, 17, '切换菜单状态', 3, '', NULL, NULL, NULL, 'system:menu:editStatus', 4, 0, 0, 0, 1, 0, 0, '2026-07-10 09:30:36', 0, '2026-07-10 09:30:36');
INSERT INTO `sys_menu` VALUES (22, 1, '部门管理', 2, 'dept', 'system/dept/index', NULL, 'ep:office-building', 'system:dept:list', 4, 0, 1, 0, 1, 0, 0, '2026-07-10 09:30:36', 1, '2026-07-13 21:40:33');
INSERT INTO `sys_menu` VALUES (23, 22, '新增部门', 3, '', NULL, NULL, NULL, 'system:dept:add', 1, 0, 0, 0, 1, 0, 0, '2026-07-10 09:30:36', 0, '2026-07-10 09:30:36');
INSERT INTO `sys_menu` VALUES (24, 22, '修改部门', 3, '', NULL, NULL, NULL, 'system:dept:edit', 2, 0, 0, 0, 1, 0, 0, '2026-07-10 09:30:36', 0, '2026-07-10 09:30:36');
INSERT INTO `sys_menu` VALUES (25, 22, '删除部门', 3, '', NULL, NULL, NULL, 'system:dept:delete', 3, 0, 0, 0, 1, 0, 0, '2026-07-10 09:30:36', 0, '2026-07-10 09:30:36');
INSERT INTO `sys_menu` VALUES (26, 22, '切换部门状态', 3, '', NULL, NULL, NULL, 'system:dept:editStatus', 4, 0, 0, 0, 1, 0, 0, '2026-07-10 09:30:36', 0, '2026-07-10 09:30:36');
INSERT INTO `sys_menu` VALUES (27, 1, '岗位管理', 2, 'post', 'system/post/index', NULL, 'ep:stamp', 'system:post:list', 5, 0, 1, 0, 1, 0, 0, '2026-07-10 09:30:36', 1, '2026-07-13 21:40:33');
INSERT INTO `sys_menu` VALUES (28, 27, '新增岗位', 3, '', NULL, NULL, NULL, 'system:post:add', 1, 0, 0, 0, 1, 0, 0, '2026-07-10 09:30:36', 0, '2026-07-10 09:30:36');
INSERT INTO `sys_menu` VALUES (29, 27, '修改岗位', 3, '', NULL, NULL, NULL, 'system:post:edit', 2, 0, 0, 0, 1, 0, 0, '2026-07-10 09:30:36', 0, '2026-07-10 09:30:36');
INSERT INTO `sys_menu` VALUES (30, 27, '删除岗位', 3, '', NULL, NULL, NULL, 'system:post:delete', 3, 0, 0, 0, 1, 0, 0, '2026-07-10 09:30:36', 0, '2026-07-10 09:30:36');
INSERT INTO `sys_menu` VALUES (31, 1, '字典管理', 2, 'dict', 'system/dict/index', NULL, 'ep:list', 'system:dict:list', 6, 0, 1, 0, 1, 0, 0, '2026-07-10 09:30:36', 1, '2026-07-13 21:40:33');
INSERT INTO `sys_menu` VALUES (32, 31, '新增字典', 3, '', NULL, NULL, NULL, 'system:dict:add', 1, 0, 0, 0, 1, 0, 0, '2026-07-10 09:30:36', 0, '2026-07-10 09:30:36');
INSERT INTO `sys_menu` VALUES (33, 31, '修改字典', 3, '', NULL, NULL, NULL, 'system:dict:edit', 2, 0, 0, 0, 1, 0, 0, '2026-07-10 09:30:36', 0, '2026-07-10 09:30:36');
INSERT INTO `sys_menu` VALUES (34, 31, '删除字典', 3, '', NULL, NULL, NULL, 'system:dict:delete', 3, 0, 0, 0, 1, 0, 0, '2026-07-10 09:30:36', 0, '2026-07-10 09:30:36');
INSERT INTO `sys_menu` VALUES (35, 31, '字典项管理', 2, 'dictItem', 'system/dict/item', NULL, 'dict', 'system:dict:item:list', 4, 0, 1, 0, 1, 0, 0, '2026-07-10 09:30:36', 0, '2026-07-13 01:19:07');
INSERT INTO `sys_menu` VALUES (36, 35, '新增字典项', 3, '', NULL, NULL, NULL, 'system:dict:item:add', 1, 0, 0, 0, 1, 0, 0, '2026-07-10 09:30:36', 0, '2026-07-10 09:30:36');
INSERT INTO `sys_menu` VALUES (37, 35, '修改字典项', 3, '', NULL, NULL, NULL, 'system:dict:item:edit', 2, 0, 0, 0, 1, 0, 0, '2026-07-10 09:30:36', 0, '2026-07-10 09:30:36');
INSERT INTO `sys_menu` VALUES (38, 35, '删除字典项', 3, '', NULL, NULL, NULL, 'system:dict:item:delete', 3, 0, 0, 0, 1, 0, 0, '2026-07-10 09:30:36', 0, '2026-07-10 09:30:36');
INSERT INTO `sys_menu` VALUES (39, 1, '通知公告', 2, 'notice', 'system/notice/index', NULL, 'message', 'system:notice:list', 7, 0, 1, 0, 1, 0, 0, '2026-07-10 09:30:36', 1, '2026-07-13 21:40:33');
INSERT INTO `sys_menu` VALUES (40, 39, '新增通知', 3, '', NULL, NULL, NULL, 'system:notice:add', 1, 0, 0, 0, 1, 0, 0, '2026-07-10 09:30:36', 0, '2026-07-10 09:30:36');
INSERT INTO `sys_menu` VALUES (41, 39, '修改通知', 3, '', NULL, NULL, NULL, 'system:notice:edit', 2, 0, 0, 0, 1, 0, 0, '2026-07-10 09:30:36', 0, '2026-07-10 09:30:36');
INSERT INTO `sys_menu` VALUES (42, 39, '删除通知', 3, '', NULL, NULL, NULL, 'system:notice:delete', 3, 0, 0, 0, 1, 0, 0, '2026-07-10 09:30:36', 0, '2026-07-10 09:30:36');
INSERT INTO `sys_menu` VALUES (43, 1, '参数设置', 2, 'config', 'system/config/index', NULL, 'setting', 'system:config:list', 8, 0, 1, 0, 1, 0, 0, '2026-07-10 09:30:36', 1, '2026-07-13 21:40:33');
INSERT INTO `sys_menu` VALUES (44, 43, '新增参数', 3, '', NULL, NULL, NULL, 'system:config:add', 1, 0, 0, 0, 1, 0, 0, '2026-07-10 09:30:36', 0, '2026-07-10 09:30:36');
INSERT INTO `sys_menu` VALUES (45, 43, '修改参数', 3, '', NULL, NULL, NULL, 'system:config:edit', 2, 0, 0, 0, 1, 0, 0, '2026-07-10 09:30:36', 0, '2026-07-10 09:30:36');
INSERT INTO `sys_menu` VALUES (46, 43, '删除参数', 3, '', NULL, NULL, NULL, 'system:config:delete', 3, 0, 0, 0, 1, 0, 0, '2026-07-10 09:30:36', 0, '2026-07-10 09:30:36');
INSERT INTO `sys_menu` VALUES (47, 2, '操作日志', 2, 'operlog', 'log/operlog/index', NULL, 'ep:bell-filled', 'log:operlog:list', 2, 0, 1, 0, 1, 0, 0, '2026-07-10 09:30:36', 1, '2026-07-12 12:23:18');
INSERT INTO `sys_menu` VALUES (48, 47, '删除日志', 3, '', NULL, NULL, NULL, 'log:operlog:delete', 1, 0, 0, 0, 1, 0, 0, '2026-07-10 09:30:36', 0, '2026-07-10 16:02:58');
INSERT INTO `sys_menu` VALUES (49, 47, '清空日志', 3, '', NULL, NULL, NULL, 'log:operlog:clean', 2, 0, 0, 0, 1, 0, 0, '2026-07-10 09:30:36', 0, '2026-07-10 16:03:00');
INSERT INTO `sys_menu` VALUES (50, 2, '登录日志', 2, 'loginlog', 'log/loginlog/index', NULL, 'ep:bell', 'log:loginlog:list', 1, 0, 1, 0, 1, 0, 0, '2026-07-10 09:30:36', 1, '2026-07-12 17:31:45');
INSERT INTO `sys_menu` VALUES (51, 50, '删除日志', 3, '', NULL, NULL, NULL, 'log:loginlog:delete', 1, 0, 0, 0, 1, 0, 0, '2026-07-10 09:30:36', 0, '2026-07-10 16:02:39');
INSERT INTO `sys_menu` VALUES (52, 50, '清空日志', 3, '', NULL, NULL, NULL, 'log:loginlog:clean', 2, 0, 0, 0, 1, 0, 0, '2026-07-10 09:30:36', 0, '2026-07-10 16:02:42');
INSERT INTO `sys_menu` VALUES (53, 1, '系统监控', 2, 'monitor', 'system/monitor/index', NULL, 'ep:monitor', '', 10, 0, 1, 0, 1, 0, 0, '2026-07-13 08:33:32', 1, '2026-07-13 15:41:50');
INSERT INTO `sys_menu` VALUES (54, 1, '定时任务', 2, 'job', 'system/job/index', NULL, 'ep:alarm-clock', '', 9, 0, 1, 0, 1, 0, 0, '2026-07-13 13:37:58', 1, '2026-07-13 15:41:55');

-- ----------------------------
-- Table structure for sys_notice
-- ----------------------------
DROP TABLE IF EXISTS `sys_notice`;
CREATE TABLE `sys_notice`  (
  `id` bigint NOT NULL AUTO_INCREMENT,
  `title` varchar(128) CHARACTER SET utf8mb4 COLLATE utf8mb4_0900_ai_ci NOT NULL COMMENT '通知标题',
  `position` tinyint NOT NULL DEFAULT 1 COMMENT '展示位置（1后台 2前台）',
  `content` text CHARACTER SET utf8mb4 COLLATE utf8mb4_0900_ai_ci NULL COMMENT '通知内容（支持富文本）',
  `status` tinyint NOT NULL DEFAULT 1 COMMENT '状态（1正常 0禁用）',
  `remark` varchar(255) CHARACTER SET utf8mb4 COLLATE utf8mb4_0900_ai_ci NULL DEFAULT NULL COMMENT '备注',
  `is_delete` tinyint NOT NULL DEFAULT 0 COMMENT '逻辑删除（0未删除 1已删除）',
  `create_by` bigint NOT NULL DEFAULT 0 COMMENT '创建人（0=系统操作）',
  `create_time` datetime NULL DEFAULT CURRENT_TIMESTAMP COMMENT '创建时间',
  `update_by` bigint NOT NULL DEFAULT 0 COMMENT '更新人（0=系统操作）',
  `update_time` datetime NULL DEFAULT CURRENT_TIMESTAMP ON UPDATE CURRENT_TIMESTAMP COMMENT '更新时间',
  PRIMARY KEY (`id`) USING BTREE,
  INDEX `idx_position`(`position` ASC) USING BTREE,
  INDEX `idx_status`(`status` ASC) USING BTREE
) ENGINE = InnoDB CHARACTER SET = utf8mb4 COLLATE = utf8mb4_0900_ai_ci COMMENT = '通知公告表' ROW_FORMAT = Dynamic;

-- ----------------------------
-- Records of sys_notice
-- ----------------------------

-- ----------------------------
-- Table structure for sys_post
-- ----------------------------
DROP TABLE IF EXISTS `sys_post`;
CREATE TABLE `sys_post`  (
  `id` bigint NOT NULL AUTO_INCREMENT,
  `post_code` varchar(64) CHARACTER SET utf8mb4 COLLATE utf8mb4_0900_ai_ci NOT NULL COMMENT '岗位编码（如：CEO、HR、DEV）',
  `post_name` varchar(64) CHARACTER SET utf8mb4 COLLATE utf8mb4_0900_ai_ci NOT NULL COMMENT '岗位名称',
  `display_order` int NOT NULL DEFAULT 0 COMMENT '排序（升序）',
  `status` tinyint NOT NULL DEFAULT 1 COMMENT '状态（1正常 0禁用）',
  `remark` varchar(255) CHARACTER SET utf8mb4 COLLATE utf8mb4_0900_ai_ci NULL DEFAULT NULL COMMENT '备注',
  `is_delete` tinyint NOT NULL DEFAULT 0 COMMENT '逻辑删除（0未删除 1已删除）',
  `create_by` bigint NOT NULL DEFAULT 0 COMMENT '创建人（0=系统操作）',
  `create_time` datetime NULL DEFAULT CURRENT_TIMESTAMP COMMENT '创建时间',
  `update_by` bigint NOT NULL DEFAULT 0 COMMENT '更新人（0=系统操作）',
  `update_time` datetime NULL DEFAULT CURRENT_TIMESTAMP ON UPDATE CURRENT_TIMESTAMP COMMENT '更新时间',
  PRIMARY KEY (`id`) USING BTREE,
  UNIQUE INDEX `uk_post_code`(`post_code` ASC) USING BTREE
) ENGINE = InnoDB AUTO_INCREMENT = 6 CHARACTER SET = utf8mb4 COLLATE = utf8mb4_0900_ai_ci COMMENT = '岗位表' ROW_FORMAT = Dynamic;

-- ----------------------------
-- Records of sys_post
-- ----------------------------
INSERT INTO `sys_post` VALUES (1, 'CEO', '董事长', 0, 1, '最高决策者', 0, 0, '2026-07-08 17:17:53', 1, '2026-07-13 19:48:28');
INSERT INTO `sys_post` VALUES (2, 'CTO', '技术总监', 4, 1, '技术负责人', 0, 0, '2026-07-08 17:17:53', 1, '2026-07-13 19:48:28');
INSERT INTO `sys_post` VALUES (3, 'DEV', '开发工程师', 3, 1, '研发人员', 0, 0, '2026-07-08 17:17:53', 1, '2026-07-13 19:48:28');
INSERT INTO `sys_post` VALUES (4, 'PM', '产品经理', 2, 1, '产品设计', 0, 0, '2026-07-08 17:17:53', 1, '2026-07-13 19:48:28');
INSERT INTO `sys_post` VALUES (5, 'OPS', '运营专员', 1, 1, '日常运营', 0, 0, '2026-07-08 17:17:53', 1, '2026-07-13 19:48:28');

-- ----------------------------
-- Table structure for sys_role
-- ----------------------------
DROP TABLE IF EXISTS `sys_role`;
CREATE TABLE `sys_role`  (
  `id` bigint NOT NULL AUTO_INCREMENT,
  `role_name` varchar(64) CHARACTER SET utf8mb4 COLLATE utf8mb4_0900_ai_ci NOT NULL COMMENT '角色名称',
  `role_code` varchar(64) CHARACTER SET utf8mb4 COLLATE utf8mb4_0900_ai_ci NOT NULL DEFAULT '' COMMENT '角色标识（如 admin/user/operator）',
  `display_order` int NOT NULL DEFAULT 0 COMMENT '排序（升序）',
  `status` tinyint NOT NULL DEFAULT 1 COMMENT '状态（1正常 0禁用）',
  `remark` varchar(255) CHARACTER SET utf8mb4 COLLATE utf8mb4_0900_ai_ci NULL DEFAULT NULL COMMENT '备注',
  `is_delete` tinyint NOT NULL DEFAULT 0 COMMENT '逻辑删除（0未删除 1已删除）',
  `create_by` bigint NOT NULL DEFAULT 0 COMMENT '创建人（0=系统操作）',
  `create_time` datetime NULL DEFAULT CURRENT_TIMESTAMP COMMENT '创建时间',
  `update_by` bigint NOT NULL DEFAULT 0 COMMENT '更新人（0=系统操作）',
  `update_time` datetime NULL DEFAULT CURRENT_TIMESTAMP ON UPDATE CURRENT_TIMESTAMP COMMENT '更新时间',
  PRIMARY KEY (`id`) USING BTREE
) ENGINE = InnoDB AUTO_INCREMENT = 4 CHARACTER SET = utf8mb4 COLLATE = utf8mb4_0900_ai_ci COMMENT = '角色表' ROW_FORMAT = Dynamic;

-- ----------------------------
-- Records of sys_role
-- ----------------------------
INSERT INTO `sys_role` VALUES (1, '超级管理员', 'admin', 1, 1, '拥有全部权限', 0, 0, '2026-06-28 15:48:08', 0, '2026-07-13 13:40:14');
INSERT INTO `sys_role` VALUES (2, '普通用户', 'user', 2, 1, '基础查看权限', 0, 0, '2026-06-28 15:48:08', 0, '2026-07-13 16:00:21');
INSERT INTO `sys_role` VALUES (3, '运营人员', 'operator', 3, 1, '运营相关权限', 0, 0, '2026-06-28 15:48:08', 0, '2026-07-11 22:25:21');

-- ----------------------------
-- Table structure for sys_role_menu
-- ----------------------------
DROP TABLE IF EXISTS `sys_role_menu`;
CREATE TABLE `sys_role_menu`  (
  `id` bigint NOT NULL AUTO_INCREMENT,
  `role_id` bigint NOT NULL COMMENT '角色ID',
  `menu_id` bigint NOT NULL COMMENT '菜单ID',
  PRIMARY KEY (`id`) USING BTREE,
  UNIQUE INDEX `uk_role_menu`(`role_id` ASC, `menu_id` ASC) USING BTREE,
  INDEX `idx_menu_id`(`menu_id` ASC) USING BTREE
) ENGINE = InnoDB AUTO_INCREMENT = 55 CHARACTER SET = utf8mb4 COLLATE = utf8mb4_0900_ai_ci COMMENT = '角色权限关联表' ROW_FORMAT = Dynamic;

-- ----------------------------
-- Records of sys_role_menu
-- ----------------------------
INSERT INTO `sys_role_menu` VALUES (1, 1, 1);
INSERT INTO `sys_role_menu` VALUES (2, 1, 2);
INSERT INTO `sys_role_menu` VALUES (3, 1, 3);
INSERT INTO `sys_role_menu` VALUES (4, 1, 4);
INSERT INTO `sys_role_menu` VALUES (5, 1, 5);
INSERT INTO `sys_role_menu` VALUES (6, 1, 6);
INSERT INTO `sys_role_menu` VALUES (7, 1, 7);
INSERT INTO `sys_role_menu` VALUES (8, 1, 8);
INSERT INTO `sys_role_menu` VALUES (9, 1, 9);
INSERT INTO `sys_role_menu` VALUES (10, 1, 10);
INSERT INTO `sys_role_menu` VALUES (11, 1, 11);
INSERT INTO `sys_role_menu` VALUES (12, 1, 12);
INSERT INTO `sys_role_menu` VALUES (13, 1, 13);
INSERT INTO `sys_role_menu` VALUES (14, 1, 14);
INSERT INTO `sys_role_menu` VALUES (15, 1, 15);
INSERT INTO `sys_role_menu` VALUES (16, 1, 16);
INSERT INTO `sys_role_menu` VALUES (17, 1, 17);
INSERT INTO `sys_role_menu` VALUES (18, 1, 18);
INSERT INTO `sys_role_menu` VALUES (19, 1, 19);
INSERT INTO `sys_role_menu` VALUES (20, 1, 20);
INSERT INTO `sys_role_menu` VALUES (21, 1, 21);
INSERT INTO `sys_role_menu` VALUES (22, 1, 22);
INSERT INTO `sys_role_menu` VALUES (23, 1, 23);
INSERT INTO `sys_role_menu` VALUES (24, 1, 24);
INSERT INTO `sys_role_menu` VALUES (25, 1, 25);
INSERT INTO `sys_role_menu` VALUES (26, 1, 26);
INSERT INTO `sys_role_menu` VALUES (27, 1, 27);
INSERT INTO `sys_role_menu` VALUES (28, 1, 28);
INSERT INTO `sys_role_menu` VALUES (29, 1, 29);
INSERT INTO `sys_role_menu` VALUES (30, 1, 30);
INSERT INTO `sys_role_menu` VALUES (31, 1, 31);
INSERT INTO `sys_role_menu` VALUES (32, 1, 32);
INSERT INTO `sys_role_menu` VALUES (33, 1, 33);
INSERT INTO `sys_role_menu` VALUES (34, 1, 34);
INSERT INTO `sys_role_menu` VALUES (35, 1, 35);
INSERT INTO `sys_role_menu` VALUES (36, 1, 36);
INSERT INTO `sys_role_menu` VALUES (37, 1, 37);
INSERT INTO `sys_role_menu` VALUES (38, 1, 38);
INSERT INTO `sys_role_menu` VALUES (39, 1, 39);
INSERT INTO `sys_role_menu` VALUES (40, 1, 40);
INSERT INTO `sys_role_menu` VALUES (41, 1, 41);
INSERT INTO `sys_role_menu` VALUES (42, 1, 42);
INSERT INTO `sys_role_menu` VALUES (43, 1, 43);
INSERT INTO `sys_role_menu` VALUES (44, 1, 44);
INSERT INTO `sys_role_menu` VALUES (45, 1, 45);
INSERT INTO `sys_role_menu` VALUES (46, 1, 46);
INSERT INTO `sys_role_menu` VALUES (47, 1, 47);
INSERT INTO `sys_role_menu` VALUES (48, 1, 48);
INSERT INTO `sys_role_menu` VALUES (49, 1, 49);
INSERT INTO `sys_role_menu` VALUES (50, 1, 50);
INSERT INTO `sys_role_menu` VALUES (51, 1, 51);
INSERT INTO `sys_role_menu` VALUES (52, 1, 52);
INSERT INTO `sys_role_menu` VALUES (53, 1, 53);
INSERT INTO `sys_role_menu` VALUES (54, 1, 54);

-- ----------------------------
-- Table structure for sys_storage_config
-- ----------------------------
DROP TABLE IF EXISTS `sys_storage_config`;
CREATE TABLE `sys_storage_config`  (
  `id` bigint NOT NULL AUTO_INCREMENT COMMENT '配置ID',
  `config_name` varchar(100) CHARACTER SET utf8mb4 COLLATE utf8mb4_general_ci NOT NULL DEFAULT '' COMMENT '配置名称（如 阿里云生产桶）',
  `storage_type` tinyint NOT NULL DEFAULT 1 COMMENT '存储类型(1本地 2阿里云OSS 3腾讯COS 4MinIO)，见 StorageTypeEnum',
  `endpoint` varchar(255) CHARACTER SET utf8mb4 COLLATE utf8mb4_general_ci NOT NULL DEFAULT '' COMMENT '访问域名/接入点（对象存储用）',
  `region` varchar(100) CHARACTER SET utf8mb4 COLLATE utf8mb4_general_ci NOT NULL DEFAULT '' COMMENT '地域（COS等需要）',
  `bucket` varchar(100) CHARACTER SET utf8mb4 COLLATE utf8mb4_general_ci NOT NULL DEFAULT '' COMMENT '存储桶名',
  `access_key` varchar(255) CHARACTER SET utf8mb4 COLLATE utf8mb4_general_ci NOT NULL DEFAULT '' COMMENT 'AccessKey / SecretId',
  `secret_key` varchar(255) CHARACTER SET utf8mb4 COLLATE utf8mb4_general_ci NOT NULL DEFAULT '' COMMENT 'SecretKey',
  `base_path` varchar(255) CHARACTER SET utf8mb4 COLLATE utf8mb4_general_ci NOT NULL DEFAULT '' COMMENT '本地根路径 或 对象存储路径前缀',
  `domain` varchar(255) CHARACTER SET utf8mb4 COLLATE utf8mb4_general_ci NOT NULL DEFAULT '' COMMENT '自定义访问域名/CDN（拼URL用）',
  `is_https` tinyint NOT NULL DEFAULT 1 COMMENT '是否https（0否 1是）',
  `is_default` tinyint NOT NULL DEFAULT 0 COMMENT '是否默认存储（0否 1是，全表仅一条为1）',
  `status` tinyint NOT NULL DEFAULT 1 COMMENT '状态（1启用 0停用）',
  `remark` varchar(255) CHARACTER SET utf8mb4 COLLATE utf8mb4_general_ci NOT NULL DEFAULT '' COMMENT '备注',
  `is_delete` tinyint NOT NULL DEFAULT 0 COMMENT '逻辑删除（0未删除 1已删除）',
  `create_by` bigint NOT NULL DEFAULT 0 COMMENT '创建人（0=系统）',
  `create_time` datetime NOT NULL DEFAULT CURRENT_TIMESTAMP COMMENT '创建时间',
  `update_by` bigint NOT NULL DEFAULT 0 COMMENT '更新人（0=系统）',
  `update_time` datetime NOT NULL DEFAULT CURRENT_TIMESTAMP ON UPDATE CURRENT_TIMESTAMP COMMENT '更新时间',
  PRIMARY KEY (`id`) USING BTREE,
  INDEX `idx_storage_type`(`storage_type` ASC) USING BTREE,
  INDEX `idx_status`(`status` ASC) USING BTREE,
  UNIQUE INDEX `uk_is_default`((CASE WHEN `is_default` = 1 THEN 1 END)) USING BTREE COMMENT '唯一约束：全表仅允许一条默认存储(is_default=1)'
) ENGINE = InnoDB AUTO_INCREMENT = 2 CHARACTER SET = utf8mb4 COLLATE = utf8mb4_general_ci COMMENT = '文件存储配置表' ROW_FORMAT = Dynamic;

-- ----------------------------
-- Records of sys_storage_config
-- ----------------------------
INSERT INTO `sys_storage_config` VALUES (1, '本地存储', 1, '', '', '', '', '', './uploads', 'http://localhost:8080/file', 0, 1, 1, '系统默认本地磁盘存储', 0, 0, '2026-07-14 09:34:23', 0, '2026-07-14 09:34:23');

-- ----------------------------
-- Table structure for sys_user
-- ----------------------------
DROP TABLE IF EXISTS `sys_user`;
CREATE TABLE `sys_user`  (
  `id` bigint NOT NULL AUTO_INCREMENT,
  `username` varchar(64) CHARACTER SET utf8mb4 COLLATE utf8mb4_0900_ai_ci NOT NULL COMMENT '用户名',
  `password` varchar(128) CHARACTER SET utf8mb4 COLLATE utf8mb4_0900_ai_ci NOT NULL COMMENT '密码（加密存储）',
  `nickname` varchar(64) CHARACTER SET utf8mb4 COLLATE utf8mb4_0900_ai_ci NOT NULL DEFAULT '' COMMENT '用户昵称',
  `avatar_id` bigint NOT NULL DEFAULT 0 COMMENT '头像附件ID（关联 sys_attachment.id，0=未设置）',
  `gender` tinyint NOT NULL DEFAULT 0 COMMENT '性别（0未知 1男 2女）',
  `birthday` date NULL DEFAULT NULL COMMENT '出生日期',
  `email` varchar(128) CHARACTER SET utf8mb4 COLLATE utf8mb4_0900_ai_ci NULL DEFAULT NULL COMMENT '邮箱',
  `phone` varchar(20) CHARACTER SET utf8mb4 COLLATE utf8mb4_0900_ai_ci NULL DEFAULT NULL COMMENT '手机号',
  `dept_id` bigint NULL DEFAULT NULL COMMENT '部门ID（关联部门表）',
  `dept_name` varchar(128) CHARACTER SET utf8mb4 COLLATE utf8mb4_0900_ai_ci NOT NULL DEFAULT '' COMMENT '部门名称（冗余，避免联查）',
  `post_ids` varchar(255) CHARACTER SET utf8mb4 COLLATE utf8mb4_0900_ai_ci NOT NULL DEFAULT '' COMMENT '岗位ID列表（多个逗号分隔，冗余）',
  `role_ids` varchar(255) CHARACTER SET utf8mb4 COLLATE utf8mb4_0900_ai_ci NOT NULL DEFAULT '' COMMENT '角色ID列表（多个逗号分隔，冗余，方便直接取）',
  `login_ip` varchar(128) CHARACTER SET utf8mb4 COLLATE utf8mb4_0900_ai_ci NOT NULL DEFAULT '' COMMENT '最后登录IP',
  `login_date` datetime NULL DEFAULT NULL COMMENT '最后登录时间',
  `password_update_time` datetime NULL DEFAULT NULL COMMENT '密码最后修改时间',
  `remark` varchar(512) CHARACTER SET utf8mb4 COLLATE utf8mb4_0900_ai_ci NOT NULL DEFAULT '' COMMENT '备注',
  `status` tinyint NOT NULL DEFAULT 1 COMMENT '状态（1正常 0禁用）',
  `is_delete` tinyint NOT NULL DEFAULT 0 COMMENT '逻辑删除（0未删除 1已删除）',
  `create_by` bigint NOT NULL DEFAULT 0 COMMENT '创建人（0=系统操作）',
  `create_time` datetime NULL DEFAULT CURRENT_TIMESTAMP COMMENT '创建时间',
  `update_by` bigint NOT NULL DEFAULT 0 COMMENT '更新人（0=系统操作）',
  `update_time` datetime NULL DEFAULT CURRENT_TIMESTAMP ON UPDATE CURRENT_TIMESTAMP COMMENT '更新时间',
  PRIMARY KEY (`id`) USING BTREE,
  UNIQUE INDEX `uk_username`(`username` ASC) USING BTREE,
  INDEX `idx_email`(`email` ASC) USING BTREE,
  INDEX `idx_phone`(`phone` ASC) USING BTREE,
  INDEX `idx_dept_id`(`dept_id` ASC) USING BTREE,
  INDEX `idx_status`(`status` ASC) USING BTREE
) ENGINE = InnoDB AUTO_INCREMENT = 6 CHARACTER SET = utf8mb4 COLLATE = utf8mb4_0900_ai_ci COMMENT = '用户表' ROW_FORMAT = Dynamic;

-- ----------------------------
-- Records of sys_user
-- ----------------------------
INSERT INTO `sys_user` VALUES (1, 'admin', '$2a$10$25W3AvhX6r1oyFlBpvpS9u79xQEEErhC7f52ga9YfB/psShlnUrXe', '超级管理员', 0, 0, '2001-11-02', 'admin@platform.com', '13800000001', 2, '技术研发部', '2,3', '1', '0:0:0:0:0:0:0:1', '2026-07-14 00:09:05', NULL, '系统初始管理员', 1, 0, 0, '2026-06-28 15:48:08', 0, '2026-07-13 16:09:04');
INSERT INTO `sys_user` VALUES (2, 'zhangsan', '$2a$10$OhuTROTGHrGdAxnO5jZULOe968ioHdPWLoFWAmE1D1vdhfcFqXxVG', '张三', 0, 1, '1995-06-15', 'zhangsan@platform.com', '13800000002', 1, '技术研发部', '2', '2', '192.168.1.100', '2026-06-28 09:30:00', NULL, '后端开发工程师', 1, 0, 0, '2026-06-28 15:48:08', 0, '2026-06-28 15:48:08');
INSERT INTO `sys_user` VALUES (3, 'lisi', '$2a$10$OhuTROTGHrGdAxnO5jZULOe968ioHdPWLoFWAmE1D1vdhfcFqXxVG', '李四', 0, 2, '1998-03-22', 'lisi@platform.com', '13800000003', 2, '产品设计部', '3', '3', '192.168.1.101', '2026-06-27 18:20:00', NULL, '产品经理', 1, 0, 0, '2026-06-28 15:48:08', 0, '2026-07-13 11:49:54');
INSERT INTO `sys_user` VALUES (4, 'wangwu', '$2a$10$OhuTROTGHrGdAxnO5jZULOe968ioHdPWLoFWAmE1D1vdhfcFqXxVG', '王五', 0, 1, '1993-11-08', 'wangwu@platform.com', '13800000004', 3, '运营中心', '4', '4', '10.0.0.55', '2026-06-26 14:10:00', NULL, '运营专员', 1, 1, 0, '2026-06-28 15:48:08', 0, '2026-07-11 22:08:07');
INSERT INTO `sys_user` VALUES (5, 'zhaoliu', '$2a$10$OhuTROTGHrGdAxnO5jZULOe968ioHdPWLoFWAmE1D1vdhfcFqXxVG', '赵六', 0, 0, '2000-07-30', 'zhaoliu@platform.com', '13800000005', 3, '运营中心', '5', '5', '', NULL, NULL, '实习生', 1, 1, 0, '2026-06-28 15:48:08', 0, '2026-07-11 22:08:05');

-- ----------------------------
-- Table structure for sys_user_role
-- ----------------------------
DROP TABLE IF EXISTS `sys_user_role`;
CREATE TABLE `sys_user_role`  (
  `id` bigint NOT NULL AUTO_INCREMENT,
  `user_id` bigint NOT NULL COMMENT '用户ID',
  `role_id` bigint NOT NULL COMMENT '角色ID',
  PRIMARY KEY (`id`) USING BTREE,
  UNIQUE INDEX `uk_user_role`(`user_id` ASC, `role_id` ASC) USING BTREE,
  INDEX `idx_role_id`(`role_id` ASC) USING BTREE
) ENGINE = InnoDB AUTO_INCREMENT = 2 CHARACTER SET = utf8mb4 COLLATE = utf8mb4_0900_ai_ci COMMENT = '用户角色关联表' ROW_FORMAT = Dynamic;

-- ----------------------------
-- Records of sys_user_role
-- ----------------------------
INSERT INTO `sys_user_role` VALUES (1, 1, 1);

SET FOREIGN_KEY_CHECKS = 1;
